student_id,scenario,partition
CSE20260005,scenario_e_compound_stress.csv,adaptation_train
CSE20260010,scenario_e_compound_stress.csv,adaptation_train
CSE20260012,scenario_e_compound_stress.csv,adaptation_train
CSE20260014,scenario_e_compound_stress.csv,adaptation_train
CSE20260029,scenario_e_compound_stress.csv,adaptation_train
CSE20260040,scenario_e_compound_stress.csv,adaptation_train
CSE20260086,scenario_e_compound_stress.csv,adaptation_train
CSE20260094,scenario_e_compound_stress.csv,adaptation_train
CSE20260107,scenario_e_compound_stress.csv,adaptation_train
CSE20260122,scenario_e_compound_stress.csv,adaptation_train
CSE20260124,scenario_e_compound_stress.csv,adaptation_train
CSE20260154,scenario_e_compound_stress.csv,adaptation_train
CSE20260174,scenario_e_compound_stress.csv,adaptation_train
CSE20260190,scenario_e_compound_stress.csv,adaptation_train
CSE20260217,scenario_e_compound_stress.csv,adaptation_train
CSE20260228,scenario_e_compound_stress.csv,adaptation_train
CSE20260249,scenario_e_compound_stress.csv,adaptation_train
CSE20260252,scenario_e_compound_stress.csv,adaptation_train
CSE20260309,scenario_e_compound_stress.csv,adaptation_train
CSE20260312,scenario_e_compound_stress.csv,adaptation_train
CSE20260329,scenario_e_compound_stress.csv,adaptation_train
CSE20260340,scenario_e_compound_stress.csv,adaptation_train
CSE20260348,scenario_e_compound_stress.csv,adaptation_train
CSE20260381,scenario_e_compound_stress.csv,adaptation_train
CSE20260386,scenario_e_compound_stress.csv,adaptation_train
CSE20260393,scenario_e_compound_stress.csv,adaptation_train
CSE20260401,scenario_e_compound_stress.csv,adaptation_train
CSE20260409,scenario_e_compound_stress.csv,adaptation_train
CSE20260422,scenario_e_compound_stress.csv,adaptation_train
CSE20260427,scenario_e_compound_stress.csv,adaptation_train
CSE20260442,scenario_e_compound_stress.csv,adaptation_train
CSE20260463,scenario_e_compound_stress.csv,adaptation_train
CSE20260464,scenario_e_compound_stress.csv,adaptation_train
CSE20260471,scenario_e_compound_stress.csv,adaptation_train
CSE20260493,scenario_e_compound_stress.csv,adaptation_train
CSE20260006,scenario_e_compound_stress.csv,adaptation_calibration
CSE20260019,scenario_e_compound_stress.csv,adaptation_calibration
CSE20260088,scenario_e_compound_stress.csv,adaptation_calibration
CSE20260112,scenario_e_compound_stress.csv,adaptation_calibration
CSE20260113,scenario_e_compound_stress.csv,adaptation_calibration
CSE20260115,scenario_e_compound_stress.csv,adaptation_calibration
CSE20260189,scenario_e_compound_stress.csv,adaptation_calibration
CSE20260200,scenario_e_compound_stress.csv,adaptation_calibration
CSE20260207,scenario_e_compound_stress.csv,adaptation_calibration
CSE20260215,scenario_e_compound_stress.csv,adaptation_calibration
CSE20260277,scenario_e_compound_stress.csv,adaptation_calibration
CSE20260279,scenario_e_compound_stress.csv,adaptation_calibration
CSE20260360,scenario_e_compound_stress.csv,adaptation_calibration
CSE20260395,scenario_e_compound_stress.csv,adaptation_calibration
CSE20260440,scenario_e_compound_stress.csv,adaptation_calibration
CSE20260022,scenario_e_compound_stress.csv,recovery
CSE20260033,scenario_e_compound_stress.csv,recovery
CSE20260038,scenario_e_compound_stress.csv,recovery
CSE20260049,scenario_e_compound_stress.csv,recovery
CSE20260053,scenario_e_compound_stress.csv,recovery
CSE20260060,scenario_e_compound_stress.csv,recovery
CSE20260067,scenario_e_compound_stress.csv,recovery
CSE20260079,scenario_e_compound_stress.csv,recovery
CSE20260082,scenario_e_compound_stress.csv,recovery
CSE20260089,scenario_e_compound_stress.csv,recovery
CSE20260091,scenario_e_compound_stress.csv,recovery
CSE20260095,scenario_e_compound_stress.csv,recovery
CSE20260104,scenario_e_compound_stress.csv,recovery
CSE20260129,scenario_e_compound_stress.csv,recovery
CSE20260131,scenario_e_compound_stress.csv,recovery
CSE20260143,scenario_e_compound_stress.csv,recovery
CSE20260156,scenario_e_compound_stress.csv,recovery
CSE20260162,scenario_e_compound_stress.csv,recovery
CSE20260171,scenario_e_compound_stress.csv,recovery
CSE20260206,scenario_e_compound_stress.csv,recovery
CSE20260208,scenario_e_compound_stress.csv,recovery
CSE20260210,scenario_e_compound_stress.csv,recovery
CSE20260219,scenario_e_compound_stress.csv,recovery
CSE20260221,scenario_e_compound_stress.csv,recovery
CSE20260222,scenario_e_compound_stress.csv,recovery
CSE20260267,scenario_e_compound_stress.csv,recovery
CSE20260271,scenario_e_compound_stress.csv,recovery
CSE20260275,scenario_e_compound_stress.csv,recovery
CSE20260302,scenario_e_compound_stress.csv,recovery
CSE20260311,scenario_e_compound_stress.csv,recovery
CSE20260324,scenario_e_compound_stress.csv,recovery
CSE20260330,scenario_e_compound_stress.csv,recovery
CSE20260332,scenario_e_compound_stress.csv,recovery
CSE20260333,scenario_e_compound_stress.csv,recovery
CSE20260336,scenario_e_compound_stress.csv,recovery
CSE20260343,scenario_e_compound_stress.csv,recovery
CSE20260361,scenario_e_compound_stress.csv,recovery
CSE20260364,scenario_e_compound_stress.csv,recovery
CSE20260376,scenario_e_compound_stress.csv,recovery
CSE20260380,scenario_e_compound_stress.csv,recovery
CSE20260383,scenario_e_compound_stress.csv,recovery
CSE20260402,scenario_e_compound_stress.csv,recovery
CSE20260404,scenario_e_compound_stress.csv,recovery
CSE20260417,scenario_e_compound_stress.csv,recovery
CSE20260423,scenario_e_compound_stress.csv,recovery
CSE20260424,scenario_e_compound_stress.csv,recovery
CSE20260430,scenario_e_compound_stress.csv,recovery
CSE20260443,scenario_e_compound_stress.csv,recovery
CSE20260466,scenario_e_compound_stress.csv,recovery
CSE20260482,scenario_e_compound_stress.csv,recovery
