individual_id,generation,rank,crowding_distance,validation_mae,validation_rmse,generalization_gap,val_loss_variance,trainable_parameters,inference_latency_ms,training_time_seconds,hidden_dims,dropout_rate,activation,learning_rate,weight_decay,l1_lambda,huber_delta,batch_size,gradient_clip_norm,epochs
adapt_g05_002,5,0,inf,0.8636,1.097,0.19796757660806175,5.066065198774668,769,0.0192,0.696,[32],0.213,tanh,0.000773,0.0011739,5.36e-05,1.72,16,1.0,44
adapt_g05_013,5,0,inf,0.9303,1.1873,0.13267785807450616,3.9071432164557978,769,0.0192,0.79,[32],0.2083,tanh,0.000522,8.97e-05,5.46e-05,1.016,32,2.0,50
adapt_g02_001,2,0,inf,0.8177,1.0353,0.4073044955730438,1.2095570460411071,769,0.0192,0.917,[32],0.3065,tanh,0.008436,0.0002697,0.0001499,2.0,32,2.0,58
adapt_g03_009,3,0,0.47419613792503873,0.8227,1.0347,0.34110339979330695,4.246215462227841,769,0.0192,0.917,[32],0.2378,tanh,0.007497,0.0002787,0.0001743,2.0,32,0.5,58
adapt_g02_004,2,0,0.6257786981812136,0.8534,1.0789,0.16643717922270296,2.4447480070670404,769,0.0192,0.933,[32],0.213,tanh,0.000773,0.0011739,5.36e-05,1.72,16,0.5,59
adapt_warm_001,0,0,inf,0.8591,1.1056,0.11728380769491198,6.563972555738495,769,0.0192,0.933,[32],0.2028,tanh,0.000944,9.52e-05,5.15e-05,1.347,16,0.5,59
adapt_warm_004,0,0,inf,0.834,1.0458,0.29887679368257525,0.009116537621248132,769,0.0192,1.186,[32],0.2674,tanh,0.01,0.0002697,4.62e-05,2.0,16,0.5,75
adapt_warm_008,0,0,0.5814350587570137,0.818,1.0385,0.01662496253848078,1.4461972033721187,1281,0.032,2.239,"[32, 16]",0.0044,tanh,0.004934,0.0006031,0.0002576,1.993,16,0.5,85
adapt_g03_007,3,0,0.7561778287736245,0.9011,1.226,0.034521098434925124,0.04404750637435848,1281,0.032,2.371,"[32, 16]",0.3087,relu,0.01,0.0001243,2.02e-05,0.744,16,2.0,90
adapt_g05_010,5,0,inf,0.8789,1.0996,0.015391438081860498,3.790080356955039,3073,0.0768,3.729,[128],0.2026,tanh,0.000425,0.0012152,6.11e-05,1.717,16,2.0,59
adapt_g05_012,5,0,0.6349333604927316,0.8181,1.033,0.2561192840337754,0.004470856323636755,3073,0.0768,4.551,[128],0.2384,tanh,0.01,0.0001272,0.0001712,1.984,16,0.5,72
adapt_g05_014,5,0,1.850485558524433,0.7917,1.0351,0.16716904714703562,0.042571110090348745,3585,0.0896,6.636,"[64, 32]",0.3087,relu,0.01,0.0001243,2.02e-05,0.817,16,2.0,90
adapt_g02_003,2,0,2.318608727208346,0.8188,1.0364,0.406219108402729,0.002041329664510119,11265,0.2816,12.513,"[128, 64]",0.3498,tanh,0.006756,0.0002795,0.000129,2.0,16,0.5,54
adapt_g03_013,3,0,inf,0.7908,1.0317,0.27845389768481255,0.05368044305475373,13313,0.3328,18.622,"[128, 64, 32]",0.28,gelu,0.01,5.23e-05,0.0,0.692,16,2.0,68
adapt_g04_000,4,0,inf,0.8169,1.0396,0.33257065191864965,0.00010772183815317957,13313,0.3328,20.539,"[128, 64, 32]",0.25,tanh,0.009615,0.0002759,5.9e-06,2.0,16,1.0,75
adapt_g04_003,4,0,inf,0.8031,1.0213,0.10839295238256452,0.04140452256608756,13313,0.3328,21.909,"[128, 64, 32]",0.2752,gelu,0.01,0.0002248,0.0,0.593,16,0.5,80
