scenario_id,subgroup,sample_count,coverage,target_coverage,coverage_error,mean_interval_width
scenario_a_attendance_drift_5pct,high_risk,26,46.2%,90.0%,0.4385,3.3197
scenario_a_attendance_drift_5pct,standard,74,0.0%,90.0%,0.9,3.056
scenario_a_attendance_drift_10pct,high_risk,34,44.1%,90.0%,0.4588,3.3249
scenario_a_attendance_drift_10pct,standard,66,0.0%,90.0%,0.9,3.2938
scenario_a_attendance_drift_15pct,high_risk,73,23.3%,90.0%,0.6671,3.3249
scenario_a_attendance_drift_15pct,standard,27,3.7%,90.0%,0.863,3.3249
scenario_a_attendance_drift_20pct,high_risk,99,23.2%,90.0%,0.6677,3.3249
scenario_a_attendance_drift_20pct,standard,1,0.0%,90.0%,0.9,3.3249
scenario_b_academic_drift_shift_0.5,high_risk,26,38.5%,90.0%,0.5154,3.294
scenario_b_academic_drift_shift_0.5,standard,74,0.0%,90.0%,0.9,2.7164
scenario_b_academic_drift_shift_1.0,high_risk,26,42.3%,90.0%,0.4769,3.3038
scenario_b_academic_drift_shift_1.0,standard,74,0.0%,90.0%,0.9,2.8824
scenario_b_academic_drift_shift_1.5,high_risk,26,42.3%,90.0%,0.4769,3.3123
scenario_b_academic_drift_shift_1.5,standard,74,0.0%,90.0%,0.9,3.0224
scenario_c_backlog_surge_plus_1,high_risk,100,34.0%,90.0%,0.56,3.3249
scenario_c_backlog_surge_plus_2,high_risk,100,67.0%,90.0%,0.23,3.3249
scenario_c_backlog_surge_plus_3,high_risk,100,80.0%,90.0%,0.1,3.3249
scenario_d_cohort_shift,high_risk,62,33.9%,90.0%,0.5613,3.3249
scenario_d_cohort_shift,standard,38,0.0%,90.0%,0.9,3.2165
scenario_e_compound_stress,high_risk,100,87.0%,90.0%,0.03,3.3249
