student_id,history_length,current_semester,target_semester,branch,previous_sgpa,previous_cgpa,sgpa_change,cgpa_change,previous_attendance,attendance_change,avg_subject_attendance,min_subject_attendance,var_subject_attendance,avg_subject_grade_point,min_subject_grade_point,max_subject_grade_point,var_subject_grade_point,active_backlogs_count,failed_subjects_count,backlog_change,total_sem_credits_registered,total_sem_credits_earned,credit_completion_ratio,has_historical_lag,next_semester_sgpa
CSE20260005,1,1,2,CSE,7.94,7.94,0.0,0.0,90.8,0.0,90.82,82.5,38.2136,8.0,6.0,9.0,1.2,3.0,3.0,3.0,16.0,7.0,0.4375,0.0,8.75
CSE20260005,2,2,3,CSE,8.75,8.34,0.81,0.4,89.6,-1.2,89.58,75.8,60.8576,8.8,8.0,10.0,0.56,3.0,3.0,3.0,16.0,7.0,0.4375,1.0,7.0
CSE20260006,1,1,2,CSE,5.88,5.88,0.0,0.0,80.2,0.0,80.18,62.4,89.4616,6.2,0.0,9.0,10.16,4.0,4.0,3.0,16.0,3.0,0.1875,0.0,7.31
CSE20260006,2,2,3,CSE,7.31,6.59,1.43,0.71,87.2,7.0,87.16,76.3,55.2064,7.4,5.0,10.0,2.64,4.0,3.0,3.0,16.0,7.0,0.4375,1.0,6.68
CSE20260010,1,1,2,CSE,8.44,8.44,0.0,0.0,93.5,0.0,93.46,82.2,34.9664,8.4,8.0,9.0,0.24,3.0,3.0,3.0,16.0,7.0,0.4375,0.0,8.0
CSE20260010,2,2,3,CSE,8.0,8.22,-0.44,-0.22,93.0,-0.5,93.0,87.8,16.18,7.8,6.0,10.0,2.16,3.0,3.0,3.0,16.0,7.0,0.4375,1.0,7.89
CSE20260012,1,1,2,CSE,7.06,7.06,0.0,0.0,85.5,0.0,85.5,76.0,48.26,7.0,6.0,8.0,0.4,3.0,3.0,3.0,16.0,7.0,0.4375,0.0,8.31
CSE20260012,2,2,3,CSE,8.31,7.69,1.25,0.63,89.7,4.2,89.66,78.2,52.4104,8.4,8.0,9.0,0.24,3.0,3.0,3.0,16.0,7.0,0.4375,1.0,7.37
CSE20260014,1,1,2,CSE,7.69,7.69,0.0,0.0,89.8,0.0,89.76,78.7,51.0104,7.8,7.0,9.0,0.56,3.0,3.0,3.0,16.0,7.0,0.4375,0.0,8.5
CSE20260014,2,2,3,CSE,8.5,8.09,0.81,0.4,88.4,-1.4,88.36,81.2,33.2344,8.6,7.0,10.0,1.04,3.0,3.0,3.0,16.0,7.0,0.4375,1.0,7.95
CSE20260019,1,1,2,CSE,7.81,7.81,0.0,0.0,89.3,0.0,89.3,85.2,14.108,8.0,5.0,9.0,2.4,3.0,3.0,3.0,16.0,7.0,0.4375,0.0,7.25
CSE20260019,2,2,3,CSE,7.25,7.53,-0.56,-0.28,89.5,0.2,89.46,78.5,63.1064,7.4,5.0,8.0,1.44,3.0,3.0,3.0,16.0,7.0,0.4375,1.0,7.26
CSE20260022,1,1,2,CSE,7.62,7.62,0.0,0.0,91.5,0.0,91.5,83.5,21.44,7.6,7.0,8.0,0.24,3.0,3.0,3.0,16.0,7.0,0.4375,0.0,7.62
CSE20260022,2,2,3,CSE,7.62,7.62,0.0,0.0,85.7,-5.8,85.7,78.6,45.46,7.4,5.0,9.0,2.64,3.0,3.0,3.0,16.0,7.0,0.4375,1.0,9.42
CSE20260029,1,1,2,CSE,6.81,6.81,0.0,0.0,83.8,0.0,83.76,77.4,30.1304,7.0,5.0,8.0,1.2,3.0,3.0,3.0,16.0,7.0,0.4375,0.0,7.56
CSE20260029,2,2,3,CSE,7.56,7.19,0.75,0.38,85.6,1.8,85.56,77.9,43.8184,7.4,6.0,8.0,0.64,3.0,3.0,3.0,16.0,7.0,0.4375,1.0,7.68
CSE20260033,1,1,2,CSE,9.44,9.44,0.0,0.0,85.0,0.0,85.02,75.6,83.3056,9.2,7.0,10.0,1.36,3.0,3.0,3.0,16.0,7.0,0.4375,0.0,7.62
CSE20260033,2,2,3,CSE,7.62,8.53,-1.82,-0.91,86.5,1.5,86.5,77.5,60.516,7.8,5.0,9.0,2.16,3.0,3.0,3.0,16.0,7.0,0.4375,1.0,7.68
CSE20260038,1,1,2,CSE,7.44,7.44,0.0,0.0,87.1,0.0,87.12,80.2,40.8256,7.6,7.0,9.0,0.64,3.0,3.0,3.0,16.0,7.0,0.4375,0.0,8.12
CSE20260038,2,2,3,CSE,8.12,7.78,0.68,0.34,93.1,6.0,93.1,83.4,25.436,8.4,7.0,10.0,1.44,3.0,3.0,3.0,16.0,7.0,0.4375,1.0,8.84
CSE20260040,1,1,2,CSE,8.31,8.31,0.0,0.0,87.7,0.0,87.7,77.9,26.612,8.4,6.0,10.0,1.84,3.0,3.0,3.0,16.0,7.0,0.4375,0.0,6.81
CSE20260040,2,2,3,CSE,6.81,7.56,-1.5,-0.75,76.1,-11.6,76.08,43.4,275.7656,6.6,0.0,10.0,13.84,4.0,4.0,4.0,16.0,4.0,0.25,1.0,5.84
CSE20260049,1,1,2,CSE,7.81,7.81,0.0,0.0,84.1,0.0,84.08,75.4,61.4216,8.0,5.0,10.0,3.6,3.0,3.0,3.0,16.0,7.0,0.4375,0.0,8.25
CSE20260049,2,2,3,CSE,8.25,8.03,0.44,0.22,85.3,1.2,85.34,76.8,38.3024,8.0,7.0,10.0,1.6,3.0,3.0,3.0,16.0,7.0,0.4375,1.0,9.0
CSE20260053,1,1,2,CSE,7.5,7.5,0.0,0.0,92.6,0.0,92.64,86.9,13.8744,7.6,7.0,8.0,0.24,3.0,3.0,3.0,16.0,7.0,0.4375,0.0,6.62
CSE20260053,2,2,3,CSE,6.62,7.06,-0.88,-0.44,78.4,-14.2,78.44,50.9,241.7104,6.4,0.0,10.0,11.84,4.0,4.0,4.0,16.0,4.0,0.25,1.0,7.11
CSE20260060,1,1,2,CSE,7.06,7.06,0.0,0.0,89.9,0.0,89.9,82.4,16.54,7.0,5.0,9.0,2.8,3.0,3.0,3.0,16.0,7.0,0.4375,0.0,8.31
CSE20260060,2,2,3,CSE,8.31,7.69,1.25,0.63,86.4,-3.5,86.44,79.3,23.7024,8.2,7.0,9.0,0.56,3.0,3.0,3.0,16.0,7.0,0.4375,1.0,7.63
CSE20260067,1,1,2,CSE,7.31,7.31,0.0,0.0,83.8,0.0,83.82,75.6,59.5656,7.6,5.0,9.0,2.24,3.0,3.0,3.0,16.0,7.0,0.4375,0.0,7.19
CSE20260067,2,2,3,CSE,7.19,7.25,-0.12,-0.06,92.0,8.2,91.96,77.7,54.2744,7.0,5.0,10.0,3.6,3.0,3.0,3.0,16.0,7.0,0.4375,1.0,8.53
CSE20260079,1,1,2,CSE,7.06,7.06,0.0,0.0,78.0,0.0,77.98,49.3,235.0296,6.4,0.0,9.0,11.44,4.0,4.0,3.0,16.0,5.0,0.3125,0.0,5.88
CSE20260079,2,2,3,CSE,5.88,6.47,-1.18,-0.59,82.2,4.2,82.18,46.7,359.0536,5.8,0.0,9.0,10.16,5.0,4.0,4.0,16.0,4.0,0.25,1.0,6.05
CSE20260082,1,1,2,CSE,8.5,8.5,0.0,0.0,87.3,0.0,87.26,77.7,27.8584,8.4,7.0,9.0,0.64,3.0,3.0,3.0,16.0,7.0,0.4375,0.0,5.44
CSE20260082,2,2,3,CSE,5.44,6.97,-3.06,-1.53,76.8,-10.5,76.76,49.6,197.7944,6.0,0.0,9.0,10.0,4.0,4.0,4.0,16.0,3.0,0.1875,1.0,7.32
CSE20260086,1,1,2,CSE,9.44,9.44,0.0,0.0,89.7,0.0,89.74,82.4,18.9784,9.4,8.0,10.0,0.64,3.0,3.0,3.0,16.0,7.0,0.4375,0.0,5.75
CSE20260086,2,2,3,CSE,5.75,7.59,-3.69,-1.85,80.7,-9.0,80.68,59.0,160.3896,6.2,0.0,9.0,10.56,4.0,4.0,4.0,16.0,3.0,0.1875,1.0,8.53
CSE20260088,1,1,2,CSE,8.44,8.44,0.0,0.0,91.9,0.0,91.92,78.0,55.5576,8.6,7.0,10.0,1.04,3.0,3.0,3.0,16.0,7.0,0.4375,0.0,6.5
CSE20260088,2,2,3,CSE,6.5,7.47,-1.94,-0.97,84.0,-7.9,83.98,66.0,109.3896,6.4,0.0,9.0,11.44,4.0,4.0,4.0,16.0,4.0,0.25,1.0,6.89
CSE20260089,1,1,2,CSE,8.44,8.44,0.0,0.0,90.8,0.0,90.82,79.0,41.5056,8.4,6.0,9.0,1.44,3.0,3.0,3.0,16.0,7.0,0.4375,0.0,8.62
CSE20260089,2,2,3,CSE,8.62,8.53,0.18,0.09,87.9,-2.9,87.9,75.9,81.436,8.6,7.0,10.0,1.04,3.0,3.0,3.0,16.0,7.0,0.4375,1.0,8.11
CSE20260091,1,1,2,CSE,8.25,8.25,0.0,0.0,89.7,0.0,89.66,76.1,51.1424,8.2,7.0,10.0,0.96,3.0,3.0,3.0,16.0,7.0,0.4375,0.0,6.94
CSE20260091,2,2,3,CSE,6.94,7.59,-1.31,-0.66,82.0,-7.7,81.96,57.9,174.2984,6.4,0.0,9.0,11.44,4.0,4.0,4.0,16.0,5.0,0.3125,1.0,7.89
CSE20260094,1,1,2,CSE,6.88,6.88,0.0,0.0,76.4,0.0,76.42,44.4,263.7936,7.4,0.0,10.0,13.84,4.0,4.0,3.0,16.0,3.0,0.1875,0.0,8.25
CSE20260094,2,2,3,CSE,8.25,7.56,1.37,0.68,93.4,17.0,93.36,80.1,48.4104,8.2,7.0,10.0,1.36,4.0,3.0,3.0,16.0,7.0,0.4375,1.0,8.0
CSE20260095,1,1,2,CSE,8.56,8.56,0.0,0.0,87.6,0.0,87.6,82.5,24.108,8.4,7.0,9.0,0.64,3.0,3.0,3.0,16.0,7.0,0.4375,0.0,9.44
CSE20260095,2,2,3,CSE,9.44,9.0,0.88,0.44,89.5,1.9,89.46,76.3,68.7264,9.4,9.0,10.0,0.24,3.0,3.0,3.0,16.0,7.0,0.4375,1.0,7.74
CSE20260104,1,1,2,CSE,7.56,7.56,0.0,0.0,84.2,0.0,84.22,75.8,52.0256,7.8,5.0,10.0,2.96,3.0,3.0,3.0,16.0,7.0,0.4375,0.0,8.12
CSE20260104,2,2,3,CSE,8.12,7.84,0.56,0.28,86.1,1.9,86.14,75.1,69.4024,8.0,6.0,10.0,1.6,3.0,3.0,3.0,16.0,7.0,0.4375,1.0,5.84
CSE20260107,1,1,2,CSE,9.0,9.0,0.0,0.0,88.8,0.0,88.78,81.9,35.3576,9.0,9.0,9.0,0.0,3.0,3.0,3.0,16.0,7.0,0.4375,0.0,8.25
CSE20260107,2,2,3,CSE,8.25,8.62,-0.75,-0.38,86.8,-2.0,86.8,75.5,79.784,8.2,7.0,9.0,0.56,3.0,3.0,3.0,16.0,7.0,0.4375,1.0,5.84
CSE20260112,1,1,2,CSE,7.81,7.81,0.0,0.0,90.2,0.0,90.2,77.1,58.632,7.6,5.0,9.0,2.24,3.0,3.0,3.0,16.0,7.0,0.4375,0.0,7.69
CSE20260112,2,2,3,CSE,7.69,7.75,-0.12,-0.06,90.3,0.1,90.3,82.0,25.976,7.6,6.0,10.0,2.64,3.0,3.0,3.0,16.0,7.0,0.4375,1.0,8.0
CSE20260113,1,1,2,CSE,6.0,6.0,0.0,0.0,88.5,0.0,88.46,79.2,75.1704,6.0,5.0,9.0,2.4,3.0,3.0,3.0,16.0,7.0,0.4375,0.0,7.56
CSE20260113,2,2,3,CSE,7.56,6.78,1.56,0.78,88.4,-0.1,88.4,79.8,40.876,7.8,7.0,10.0,1.36,3.0,3.0,3.0,16.0,7.0,0.4375,1.0,7.53
CSE20260115,1,1,2,CSE,7.75,7.75,0.0,0.0,85.6,0.0,85.56,78.9,49.3384,8.0,5.0,10.0,2.8,3.0,3.0,3.0,16.0,7.0,0.4375,0.0,8.25
CSE20260115,2,2,3,CSE,8.25,8.0,0.5,0.25,83.0,-2.6,83.02,75.8,45.5976,8.4,6.0,10.0,1.84,3.0,3.0,3.0,16.0,7.0,0.4375,1.0,7.32
CSE20260122,1,1,2,CSE,8.25,8.25,0.0,0.0,85.2,0.0,85.18,77.8,14.8656,8.2,6.0,10.0,1.76,3.0,3.0,3.0,16.0,7.0,0.4375,0.0,8.0
CSE20260122,2,2,3,CSE,8.0,8.12,-0.25,-0.13,87.4,2.2,87.44,76.5,82.3144,8.0,5.0,10.0,3.2,3.0,3.0,3.0,16.0,7.0,0.4375,1.0,5.58
CSE20260124,1,1,2,CSE,7.06,7.06,0.0,0.0,88.7,0.0,88.68,75.8,106.7056,7.0,5.0,10.0,3.6,3.0,3.0,3.0,16.0,7.0,0.4375,0.0,8.0
CSE20260124,2,2,3,CSE,8.0,7.53,0.94,0.47,88.7,0.0,88.72,81.7,47.0256,8.0,7.0,10.0,1.2,3.0,3.0,3.0,16.0,7.0,0.4375,1.0,7.16
CSE20260129,1,1,2,CSE,9.19,9.19,0.0,0.0,90.2,0.0,90.16,80.6,31.6264,9.2,8.0,10.0,0.56,3.0,3.0,3.0,16.0,7.0,0.4375,0.0,3.75
CSE20260129,2,2,3,CSE,3.75,6.47,-5.44,-2.72,77.6,-12.6,77.56,59.2,150.6744,4.6,0.0,9.0,15.04,5.0,5.0,5.0,16.0,0.0,0.0,1.0,7.53
CSE20260131,1,1,2,CSE,7.62,7.62,0.0,0.0,93.9,0.0,93.88,85.3,25.0736,7.4,5.0,10.0,3.04,3.0,3.0,3.0,16.0,7.0,0.4375,0.0,8.5
CSE20260131,2,2,3,CSE,8.5,8.06,0.88,0.44,87.7,-6.2,87.74,77.0,42.3624,8.6,6.0,10.0,2.24,3.0,3.0,3.0,16.0,7.0,0.4375,1.0,7.26
CSE20260143,1,1,2,CSE,8.25,8.25,0.0,0.0,88.7,0.0,88.7,77.6,77.252,8.2,5.0,10.0,3.76,3.0,3.0,3.0,16.0,7.0,0.4375,0.0,9.25
CSE20260143,2,2,3,CSE,9.25,8.75,1.0,0.5,80.4,-8.3,80.36,76.4,5.5864,9.2,8.0,10.0,0.96,3.0,3.0,3.0,16.0,7.0,0.4375,1.0,6.74
CSE20260154,1,1,2,CSE,8.31,8.31,0.0,0.0,88.5,0.0,88.54,79.1,58.0184,8.2,5.0,10.0,2.96,3.0,3.0,3.0,16.0,7.0,0.4375,0.0,7.94
CSE20260154,2,2,3,CSE,7.94,8.12,-0.37,-0.19,83.7,-4.8,83.66,75.5,32.0704,8.0,5.0,10.0,3.2,3.0,3.0,3.0,16.0,7.0,0.4375,1.0,7.53
CSE20260156,1,1,2,CSE,8.06,8.06,0.0,0.0,85.9,0.0,85.86,79.7,29.4344,8.0,5.0,10.0,2.8,3.0,3.0,3.0,16.0,7.0,0.4375,0.0,8.38
CSE20260156,2,2,3,CSE,8.38,8.22,0.32,0.16,90.8,4.9,90.84,80.0,41.5744,8.4,7.0,9.0,0.64,3.0,3.0,3.0,16.0,7.0,0.4375,1.0,6.68
CSE20260162,1,1,2,CSE,8.44,8.44,0.0,0.0,88.0,0.0,87.98,76.1,53.9296,8.4,7.0,10.0,1.04,3.0,3.0,3.0,16.0,7.0,0.4375,0.0,8.44
CSE20260162,2,2,3,CSE,8.44,8.44,0.0,0.0,84.7,-3.3,84.68,77.3,41.3256,8.6,8.0,10.0,0.64,3.0,3.0,3.0,16.0,7.0,0.4375,1.0,7.95
CSE20260171,1,1,2,CSE,9.44,9.44,0.0,0.0,84.3,0.0,84.26,78.2,18.9984,9.4,8.0,10.0,0.64,3.0,3.0,3.0,16.0,7.0,0.4375,0.0,4.44
CSE20260171,2,2,3,CSE,4.44,6.94,-5.0,-2.5,76.2,-8.1,76.16,60.4,178.5104,4.8,0.0,9.0,15.76,5.0,5.0,5.0,16.0,0.0,0.0,1.0,8.21
CSE20260174,1,1,2,CSE,8.12,8.12,0.0,0.0,83.7,0.0,83.66,75.7,19.7624,8.2,6.0,10.0,2.16,3.0,3.0,3.0,16.0,7.0,0.4375,0.0,8.56
CSE20260174,2,2,3,CSE,8.56,8.34,0.44,0.22,84.1,0.4,84.06,75.7,53.5304,8.4,6.0,10.0,1.84,3.0,3.0,3.0,16.0,7.0,0.4375,1.0,8.58
CSE20260189,1,1,2,CSE,5.75,5.75,0.0,0.0,76.1,0.0,76.14,44.9,267.5864,6.2,0.0,9.0,10.16,4.0,4.0,3.0,16.0,3.0,0.1875,0.0,8.75
CSE20260189,2,2,3,CSE,8.75,7.25,3.0,1.5,90.5,14.4,90.5,83.2,25.176,8.6,6.0,10.0,2.24,4.0,3.0,3.0,16.0,7.0,0.4375,1.0,8.37
CSE20260190,1,1,2,CSE,8.38,8.38,0.0,0.0,87.7,0.0,87.72,77.4,73.0216,8.4,7.0,10.0,1.44,3.0,3.0,3.0,16.0,7.0,0.4375,0.0,8.0
CSE20260190,2,2,3,CSE,8.0,8.19,-0.38,-0.19,88.1,0.4,88.1,78.7,38.372,7.8,5.0,10.0,2.56,3.0,3.0,3.0,16.0,7.0,0.4375,1.0,6.58
CSE20260200,1,1,2,CSE,8.44,8.44,0.0,0.0,84.5,0.0,84.52,80.5,12.7336,8.4,7.0,10.0,1.04,3.0,3.0,3.0,16.0,7.0,0.4375,0.0,4.69
CSE20260200,2,2,3,CSE,4.69,6.56,-3.75,-1.88,73.5,-11.0,73.54,42.6,380.6304,5.6,0.0,10.0,21.04,5.0,5.0,5.0,16.0,0.0,0.0,1.0,7.47
CSE20260206,1,1,2,CSE,5.56,5.56,0.0,0.0,74.0,0.0,74.0,40.0,335.372,6.0,0.0,8.0,9.2,4.0,4.0,3.0,16.0,3.0,0.1875,0.0,8.0
CSE20260206,2,2,3,CSE,8.0,6.78,2.44,1.22,86.0,12.0,85.98,77.2,75.5576,7.8,6.0,9.0,1.36,4.0,3.0,3.0,16.0,7.0,0.4375,1.0,7.47
CSE20260207,1,1,2,CSE,4.94,4.94,0.0,0.0,75.1,0.0,75.12,42.9,374.1696,4.6,0.0,10.0,15.84,5.0,5.0,3.0,16.0,1.0,0.0625,0.0,8.25
CSE20260207,2,2,3,CSE,8.25,6.59,3.31,1.65,82.9,7.8,82.88,79.0,11.4376,8.4,6.0,10.0,1.84,5.0,3.0,3.0,16.0,7.0,0.4375,1.0,8.47
CSE20260208,1,1,2,CSE,6.62,6.62,0.0,0.0,74.2,0.0,74.22,48.1,179.9936,6.6,0.0,10.0,12.64,4.0,4.0,3.0,16.0,4.0,0.25,0.0,7.88
CSE20260208,2,2,3,CSE,7.88,7.25,1.26,0.63,81.4,7.2,81.42,76.6,11.8856,8.0,5.0,9.0,2.4,4.0,3.0,3.0,16.0,7.0,0.4375,1.0,7.74
CSE20260210,1,1,2,CSE,7.19,7.19,0.0,0.0,76.3,0.0,76.28,47.1,223.4936,7.2,0.0,10.0,13.36,4.0,4.0,3.0,16.0,4.0,0.25,0.0,5.06
CSE20260210,2,2,3,CSE,5.06,6.12,-2.13,-1.07,84.1,7.8,84.08,63.6,221.3176,4.8,0.0,9.0,15.76,6.0,5.0,5.0,16.0,1.0,0.0625,1.0,7.79
CSE20260215,1,1,2,CSE,8.88,8.88,0.0,0.0,86.2,0.0,86.2,80.2,14.54,8.8,6.0,10.0,2.16,3.0,3.0,3.0,16.0,7.0,0.4375,0.0,7.25
CSE20260215,2,2,3,CSE,7.25,8.06,-1.63,-0.82,88.6,2.4,88.6,83.0,9.404,7.2,5.0,9.0,2.56,3.0,3.0,3.0,16.0,7.0,0.4375,1.0,5.89
CSE20260217,1,1,2,CSE,7.12,7.12,0.0,0.0,85.1,0.0,85.06,66.6,123.5384,6.4,0.0,9.0,11.44,4.0,4.0,3.0,16.0,5.0,0.3125,0.0,7.88
CSE20260217,2,2,3,CSE,7.88,7.5,0.76,0.38,85.4,0.3,85.38,76.9,51.8696,7.8,6.0,10.0,2.16,4.0,3.0,3.0,16.0,7.0,0.4375,1.0,8.79
CSE20260219,1,1,2,CSE,3.94,3.94,0.0,0.0,71.6,0.0,71.64,43.4,370.0064,4.2,0.0,7.0,11.76,5.0,5.0,3.0,16.0,0.0,0.0,0.0,8.0
CSE20260219,2,2,3,CSE,8.0,5.97,4.06,2.03,88.8,17.2,88.78,75.5,56.2536,8.0,7.0,9.0,0.8,5.0,3.0,3.0,16.0,7.0,0.4375,1.0,8.11
CSE20260221,1,1,2,CSE,7.0,7.0,0.0,0.0,88.6,0.0,88.56,75.7,51.8384,7.0,5.0,9.0,2.0,3.0,3.0,3.0,16.0,7.0,0.4375,0.0,8.69
CSE20260221,2,2,3,CSE,8.69,7.84,1.69,0.84,84.4,-4.2,84.38,75.3,76.0696,8.6,8.0,10.0,0.64,3.0,3.0,3.0,16.0,7.0,0.4375,1.0,8.16
CSE20260222,1,1,2,CSE,8.44,8.44,0.0,0.0,88.1,0.0,88.1,80.6,34.448,8.6,6.0,10.0,1.84,3.0,3.0,3.0,16.0,7.0,0.4375,0.0,7.12
CSE20260222,2,2,3,CSE,7.12,7.78,-1.32,-0.66,86.8,-1.3,86.84,75.9,52.6224,7.0,5.0,9.0,2.8,3.0,3.0,3.0,16.0,7.0,0.4375,1.0,9.11
CSE20260228,1,1,2,CSE,9.31,9.31,0.0,0.0,95.2,0.0,95.2,92.0,5.86,9.2,8.0,10.0,0.56,3.0,3.0,3.0,16.0,7.0,0.4375,0.0,6.94
CSE20260228,2,2,3,CSE,6.94,8.12,-2.37,-1.19,80.5,-14.7,80.52,67.8,93.1976,7.0,0.0,10.0,13.2,4.0,4.0,4.0,16.0,4.0,0.25,1.0,8.37
CSE20260249,1,1,2,CSE,8.56,8.56,0.0,0.0,91.3,0.0,91.32,83.4,22.9296,8.4,7.0,9.0,0.64,3.0,3.0,3.0,16.0,7.0,0.4375,0.0,5.62
CSE20260249,2,2,3,CSE,5.62,7.09,-2.94,-1.47,81.6,-9.7,81.6,62.4,135.972,5.6,0.0,8.0,8.64,4.0,4.0,4.0,16.0,4.0,0.25,1.0,7.79
CSE20260252,1,1,2,CSE,8.5,8.5,0.0,0.0,89.6,0.0,89.56,83.4,34.0704,8.4,7.0,9.0,0.64,3.0,3.0,3.0,16.0,7.0,0.4375,0.0,8.0
CSE20260252,2,2,3,CSE,8.0,8.25,-0.5,-0.25,86.8,-2.8,86.84,75.2,77.4984,7.8,7.0,9.0,0.96,3.0,3.0,3.0,16.0,7.0,0.4375,1.0,7.58
CSE20260267,1,1,2,CSE,5.62,5.62,0.0,0.0,74.2,0.0,74.24,62.5,38.6144,5.6,0.0,8.0,8.24,4.0,4.0,3.0,16.0,4.0,0.25,0.0,7.25
CSE20260267,2,2,3,CSE,7.25,6.44,1.63,0.82,76.5,2.3,76.54,52.9,141.5544,6.6,0.0,10.0,12.64,5.0,4.0,4.0,16.0,5.0,0.3125,1.0,7.89
CSE20260271,1,1,2,CSE,7.25,7.25,0.0,0.0,87.0,0.0,86.98,78.6,33.6536,7.4,5.0,10.0,5.04,3.0,3.0,3.0,16.0,7.0,0.4375,0.0,5.5
CSE20260271,2,2,3,CSE,5.5,6.38,-1.75,-0.87,78.5,-8.5,78.52,64.1,130.9096,5.2,0.0,10.0,18.96,5.0,5.0,5.0,16.0,1.0,0.0625,1.0,8.05
CSE20260275,1,1,2,CSE,7.25,7.25,0.0,0.0,83.8,0.0,83.78,76.4,59.5536,7.0,5.0,9.0,1.6,3.0,3.0,3.0,16.0,7.0,0.4375,0.0,6.75
CSE20260275,2,2,3,CSE,6.75,7.0,-0.5,-0.25,90.7,6.9,90.66,80.9,30.7064,6.8,5.0,8.0,0.96,3.0,3.0,3.0,16.0,7.0,0.4375,1.0,8.37
CSE20260277,1,1,2,CSE,5.31,5.31,0.0,0.0,74.4,0.0,74.4,44.4,253.0,5.8,0.0,9.0,10.16,4.0,4.0,3.0,16.0,3.0,0.1875,0.0,8.31
CSE20260277,2,2,3,CSE,8.31,6.81,3.0,1.5,87.2,12.8,87.16,77.7,63.0384,8.0,5.0,10.0,2.8,4.0,3.0,3.0,16.0,7.0,0.4375,1.0,7.21
CSE20260279,1,1,2,CSE,6.12,6.12,0.0,0.0,75.3,0.0,75.32,41.9,288.5256,6.0,0.0,9.0,10.0,4.0,4.0,3.0,16.0,4.0,0.25,0.0,6.75
CSE20260279,2,2,3,CSE,6.75,6.44,0.63,0.32,84.5,9.2,84.5,75.9,28.084,7.0,5.0,8.0,1.6,4.0,3.0,3.0,16.0,7.0,0.4375,1.0,7.95
CSE20260302,1,1,2,CSE,6.31,6.31,0.0,0.0,86.2,0.0,86.22,63.2,154.6376,6.0,0.0,9.0,10.8,4.0,4.0,3.0,16.0,4.0,0.25,0.0,4.0
CSE20260302,2,2,3,CSE,4.0,5.16,-2.31,-1.15,69.1,-17.1,69.14,46.0,286.5384,3.2,0.0,10.0,16.96,7.0,6.0,6.0,16.0,0.0,0.0,1.0,8.58
CSE20260309,1,1,2,CSE,6.69,6.69,0.0,0.0,80.4,0.0,80.42,44.9,332.5096,6.4,0.0,10.0,11.44,4.0,4.0,3.0,16.0,4.0,0.25,0.0,8.56
CSE20260309,2,2,3,CSE,8.56,7.62,1.87,0.93,83.1,2.7,83.14,78.0,32.8824,8.6,8.0,10.0,0.64,4.0,3.0,3.0,16.0,7.0,0.4375,1.0,7.21
CSE20260311,1,1,2,CSE,7.31,7.31,0.0,0.0,86.3,0.0,86.3,80.3,32.624,7.6,5.0,9.0,2.24,3.0,3.0,3.0,16.0,7.0,0.4375,0.0,7.5
CSE20260311,2,2,3,CSE,7.5,7.41,0.19,0.1,83.2,-3.1,83.16,77.4,38.3064,7.8,6.0,10.0,3.36,3.0,3.0,3.0,16.0,7.0,0.4375,1.0,8.32
CSE20260312,1,1,2,CSE,6.81,6.81,0.0,0.0,91.3,0.0,91.28,79.7,45.4296,6.8,5.0,9.0,2.16,3.0,3.0,3.0,16.0,7.0,0.4375,0.0,5.19
CSE20260312,2,2,3,CSE,5.19,6.0,-1.62,-0.81,80.8,-10.5,80.84,52.1,244.3344,5.6,0.0,9.0,9.84,4.0,4.0,4.0,16.0,3.0,0.1875,1.0,7.26
CSE20260324,1,1,2,CSE,9.19,9.19,0.0,0.0,85.6,0.0,85.62,79.0,29.8656,9.2,8.0,10.0,0.56,3.0,3.0,3.0,16.0,7.0,0.4375,0.0,7.25
CSE20260324,2,2,3,CSE,7.25,8.22,-1.94,-0.97,92.8,7.2,92.8,85.2,31.932,7.4,5.0,9.0,1.84,3.0,3.0,3.0,16.0,7.0,0.4375,1.0,7.63
CSE20260329,1,1,2,CSE,8.25,8.25,0.0,0.0,83.8,0.0,83.82,78.6,16.5096,8.2,6.0,10.0,1.76,3.0,3.0,3.0,16.0,7.0,0.4375,0.0,7.06
CSE20260329,2,2,3,CSE,7.06,7.66,-1.19,-0.59,80.5,-3.3,80.52,63.9,87.5976,7.0,0.0,10.0,13.2,4.0,4.0,4.0,16.0,4.0,0.25,1.0,8.58
CSE20260330,1,1,2,CSE,8.94,8.94,0.0,0.0,85.1,0.0,85.1,75.9,22.388,9.0,7.0,10.0,1.6,3.0,3.0,3.0,16.0,7.0,0.4375,0.0,7.38
CSE20260330,2,2,3,CSE,7.38,8.16,-1.56,-0.78,82.8,-2.3,82.84,77.4,45.0304,7.6,6.0,9.0,1.04,3.0,3.0,3.0,16.0,7.0,0.4375,1.0,5.26
CSE20260332,1,1,2,CSE,7.94,7.94,0.0,0.0,85.5,0.0,85.48,78.2,34.1976,8.0,7.0,10.0,1.2,3.0,3.0,3.0,16.0,7.0,0.4375,0.0,7.88
CSE20260332,2,2,3,CSE,7.88,7.91,-0.06,-0.03,90.5,5.0,90.5,83.6,27.156,7.8,6.0,9.0,1.36,3.0,3.0,3.0,16.0,7.0,0.4375,1.0,7.53
CSE20260333,1,1,2,CSE,7.25,7.25,0.0,0.0,84.5,0.0,84.54,75.2,33.8944,7.6,6.0,10.0,2.64,3.0,3.0,3.0,16.0,7.0,0.4375,0.0,7.94
CSE20260333,2,2,3,CSE,7.94,7.59,0.69,0.34,87.0,2.5,86.96,76.8,51.8984,8.0,6.0,9.0,1.2,3.0,3.0,3.0,16.0,7.0,0.4375,1.0,7.16
CSE20260336,1,1,2,CSE,7.94,7.94,0.0,0.0,90.4,0.0,90.44,80.1,28.5104,8.0,7.0,9.0,0.8,3.0,3.0,3.0,16.0,7.0,0.4375,0.0,8.0
CSE20260336,2,2,3,CSE,8.0,7.97,0.06,0.03,83.9,-6.5,83.88,76.0,53.8656,8.0,6.0,10.0,3.2,3.0,3.0,3.0,16.0,7.0,0.4375,1.0,8.32
CSE20260340,1,1,2,CSE,9.0,9.0,0.0,0.0,84.0,0.0,83.96,75.0,81.8664,9.0,8.0,10.0,0.4,3.0,3.0,3.0,16.0,7.0,0.4375,0.0,6.44
CSE20260340,2,2,3,CSE,6.44,7.72,-2.56,-1.28,76.2,-7.8,76.24,56.5,109.2264,6.4,0.0,9.0,11.04,4.0,4.0,4.0,16.0,4.0,0.25,1.0,8.16
CSE20260343,1,1,2,CSE,8.0,8.0,0.0,0.0,91.7,0.0,91.72,76.7,61.7056,7.8,6.0,10.0,2.56,3.0,3.0,3.0,16.0,7.0,0.4375,0.0,6.81
CSE20260343,2,2,3,CSE,6.81,7.41,-1.19,-0.59,84.3,-7.4,84.26,77.2,26.5904,6.6,5.0,9.0,1.84,3.0,3.0,3.0,16.0,7.0,0.4375,1.0,7.95
CSE20260348,1,1,2,CSE,8.31,8.31,0.0,0.0,87.2,0.0,87.2,76.0,69.32,8.2,7.0,10.0,0.96,3.0,3.0,3.0,16.0,7.0,0.4375,0.0,7.19
CSE20260348,2,2,3,CSE,7.19,7.75,-1.12,-0.56,84.8,-2.4,84.84,59.6,182.4224,7.2,0.0,10.0,13.36,4.0,4.0,4.0,16.0,4.0,0.25,1.0,6.84
CSE20260360,1,1,2,CSE,5.88,5.88,0.0,0.0,80.3,0.0,80.3,54.1,206.116,6.0,0.0,9.0,11.2,4.0,4.0,3.0,16.0,3.0,0.1875,0.0,7.75
CSE20260360,2,2,3,CSE,7.75,6.81,1.87,0.93,85.6,5.3,85.58,80.8,29.4856,7.6,6.0,9.0,1.04,4.0,3.0,3.0,16.0,7.0,0.4375,1.0,8.37
CSE20260361,1,1,2,CSE,8.88,8.88,0.0,0.0,81.0,0.0,81.04,76.5,20.8664,8.6,6.0,10.0,3.04,3.0,3.0,3.0,16.0,7.0,0.4375,0.0,8.0
CSE20260361,2,2,3,CSE,8.0,8.44,-0.88,-0.44,89.1,8.1,89.06,77.5,41.5624,8.0,7.0,9.0,0.4,3.0,3.0,3.0,16.0,7.0,0.4375,1.0,7.42
CSE20260364,1,1,2,CSE,7.88,7.88,0.0,0.0,86.3,0.0,86.28,79.2,18.9376,8.0,7.0,9.0,0.4,3.0,3.0,3.0,16.0,7.0,0.4375,0.0,6.75
CSE20260364,2,2,3,CSE,6.75,7.31,-1.13,-0.57,81.3,-5.0,81.34,73.8,43.3184,6.6,0.0,9.0,11.04,4.0,4.0,4.0,16.0,4.0,0.25,1.0,7.79
CSE20260376,1,1,2,CSE,7.44,7.44,0.0,0.0,80.4,0.0,80.44,61.3,150.1504,6.8,0.0,9.0,11.76,4.0,4.0,3.0,16.0,5.0,0.3125,0.0,8.06
CSE20260376,2,2,3,CSE,8.06,7.75,0.62,0.31,85.5,5.1,85.48,81.6,20.7336,8.0,7.0,10.0,1.2,4.0,3.0,3.0,16.0,7.0,0.4375,1.0,8.16
CSE20260380,1,1,2,CSE,8.44,8.44,0.0,0.0,81.9,0.0,81.88,75.0,46.3896,8.2,6.0,9.0,1.36,3.0,3.0,3.0,16.0,7.0,0.4375,0.0,7.94
CSE20260380,2,2,3,CSE,7.94,8.19,-0.5,-0.25,82.3,0.4,82.26,54.1,239.0944,7.2,0.0,10.0,14.16,4.0,4.0,4.0,16.0,5.0,0.3125,1.0,7.47
CSE20260381,1,1,2,CSE,8.19,8.19,0.0,0.0,87.7,0.0,87.74,82.7,9.2904,8.2,7.0,9.0,0.56,3.0,3.0,3.0,16.0,7.0,0.4375,0.0,8.12
CSE20260381,2,2,3,CSE,8.12,8.16,-0.07,-0.03,87.8,0.1,87.8,77.9,55.184,8.2,7.0,9.0,0.56,3.0,3.0,3.0,16.0,7.0,0.4375,1.0,8.84
CSE20260383,1,1,2,CSE,8.0,8.0,0.0,0.0,90.1,0.0,90.12,81.1,32.8896,8.2,7.0,10.0,1.36,3.0,3.0,3.0,16.0,7.0,0.4375,0.0,8.12
CSE20260383,2,2,3,CSE,8.12,8.06,0.12,0.06,84.1,-6.0,84.14,79.5,30.1544,8.0,6.0,10.0,3.2,3.0,3.0,3.0,16.0,7.0,0.4375,1.0,5.95
CSE20260386,1,1,2,CSE,8.06,8.06,0.0,0.0,83.0,0.0,83.02,79.3,17.4456,8.2,7.0,10.0,0.96,3.0,3.0,3.0,16.0,7.0,0.4375,0.0,8.75
CSE20260386,2,2,3,CSE,8.75,8.41,0.69,0.35,88.1,5.1,88.14,75.7,63.8504,8.8,7.0,10.0,0.96,3.0,3.0,3.0,16.0,7.0,0.4375,1.0,8.32
CSE20260393,1,1,2,CSE,7.44,7.44,0.0,0.0,88.2,0.0,88.2,76.9,35.168,7.8,5.0,10.0,2.96,3.0,3.0,3.0,16.0,7.0,0.4375,0.0,6.38
CSE20260393,2,2,3,CSE,6.38,6.91,-1.06,-0.53,80.1,-8.1,80.06,68.4,52.0304,6.2,0.0,9.0,10.56,4.0,4.0,4.0,16.0,4.0,0.25,1.0,8.79
CSE20260395,1,1,2,CSE,9.19,9.19,0.0,0.0,83.6,0.0,83.6,76.2,17.74,9.0,7.0,10.0,1.2,3.0,3.0,3.0,16.0,7.0,0.4375,0.0,7.75
CSE20260395,2,2,3,CSE,7.75,8.47,-1.44,-0.72,91.3,7.7,91.26,83.5,21.8744,7.8,5.0,10.0,3.76,3.0,3.0,3.0,16.0,7.0,0.4375,1.0,8.58
CSE20260401,1,1,2,CSE,8.75,8.75,0.0,0.0,86.4,0.0,86.42,79.9,36.1096,8.8,6.0,10.0,2.56,3.0,3.0,3.0,16.0,7.0,0.4375,0.0,8.62
CSE20260401,2,2,3,CSE,8.62,8.69,-0.13,-0.06,80.4,-6.0,80.36,75.0,16.1864,8.6,7.0,10.0,1.04,3.0,3.0,3.0,16.0,7.0,0.4375,1.0,7.63
CSE20260402,1,1,2,CSE,8.62,8.62,0.0,0.0,86.1,0.0,86.1,76.0,41.576,8.6,7.0,10.0,1.44,3.0,3.0,3.0,16.0,7.0,0.4375,0.0,8.5
CSE20260402,2,2,3,CSE,8.5,8.56,-0.12,-0.06,90.8,4.7,90.82,77.1,57.3736,8.6,7.0,9.0,0.64,3.0,3.0,3.0,16.0,7.0,0.4375,1.0,7.95
CSE20260404,1,1,2,CSE,8.69,8.69,0.0,0.0,90.6,0.0,90.6,80.5,55.98,8.8,7.0,10.0,1.36,3.0,3.0,3.0,16.0,7.0,0.4375,0.0,8.5
CSE20260404,2,2,3,CSE,8.5,8.59,-0.19,-0.1,86.2,-4.4,86.16,79.8,18.4704,8.6,7.0,10.0,1.04,3.0,3.0,3.0,16.0,7.0,0.4375,1.0,7.11
CSE20260409,1,1,2,CSE,8.31,8.31,0.0,0.0,86.8,0.0,86.76,78.2,45.3704,8.2,6.0,10.0,1.76,3.0,3.0,3.0,16.0,7.0,0.4375,0.0,8.75
CSE20260409,2,2,3,CSE,8.75,8.53,0.44,0.22,86.7,-0.1,86.7,82.0,24.536,8.6,7.0,10.0,1.44,3.0,3.0,3.0,16.0,7.0,0.4375,1.0,7.95
CSE20260417,1,1,2,CSE,8.31,8.31,0.0,0.0,91.3,0.0,91.34,84.5,25.2184,8.2,7.0,10.0,0.96,3.0,3.0,3.0,16.0,7.0,0.4375,0.0,8.44
CSE20260417,2,2,3,CSE,8.44,8.38,0.13,0.07,88.6,-2.7,88.6,83.4,15.148,8.6,7.0,10.0,1.04,3.0,3.0,3.0,16.0,7.0,0.4375,1.0,7.37
CSE20260422,1,1,2,CSE,8.31,8.31,0.0,0.0,92.0,0.0,91.96,84.1,20.6144,8.4,7.0,9.0,0.64,3.0,3.0,3.0,16.0,7.0,0.4375,0.0,7.19
CSE20260422,2,2,3,CSE,7.19,7.75,-1.12,-0.56,90.8,-1.2,90.8,76.7,60.924,7.4,6.0,9.0,1.84,3.0,3.0,3.0,16.0,7.0,0.4375,1.0,7.32
CSE20260423,1,1,2,CSE,8.12,8.12,0.0,0.0,81.4,0.0,81.38,77.8,6.9576,8.2,7.0,10.0,0.96,3.0,3.0,3.0,16.0,7.0,0.4375,0.0,8.38
CSE20260423,2,2,3,CSE,8.38,8.25,0.26,0.13,83.8,2.4,83.84,79.6,33.4024,8.2,6.0,9.0,1.36,3.0,3.0,3.0,16.0,7.0,0.4375,1.0,8.32
CSE20260424,1,1,2,CSE,7.62,7.62,0.0,0.0,82.9,0.0,82.92,75.1,54.5376,7.6,6.0,8.0,0.64,3.0,3.0,3.0,16.0,7.0,0.4375,0.0,7.56
CSE20260424,2,2,3,CSE,7.56,7.59,-0.06,-0.03,85.6,2.7,85.58,76.7,49.8456,7.6,6.0,9.0,1.04,3.0,3.0,3.0,16.0,7.0,0.4375,1.0,6.11
CSE20260427,1,1,2,CSE,7.06,7.06,0.0,0.0,83.7,0.0,83.7,77.2,24.004,7.2,5.0,9.0,1.76,3.0,3.0,3.0,16.0,7.0,0.4375,0.0,8.38
CSE20260427,2,2,3,CSE,8.38,7.72,1.32,0.66,90.9,7.2,90.94,80.4,35.3864,8.4,5.0,10.0,3.04,3.0,3.0,3.0,16.0,7.0,0.4375,1.0,8.21
CSE20260430,1,1,2,CSE,7.38,7.38,0.0,0.0,81.6,0.0,81.58,52.0,219.5456,7.2,0.0,10.0,13.36,4.0,4.0,3.0,16.0,4.0,0.25,0.0,7.0
CSE20260430,2,2,3,CSE,7.0,7.19,-0.38,-0.19,92.0,10.4,92.02,76.7,60.3976,7.0,5.0,9.0,1.6,4.0,3.0,3.0,16.0,7.0,0.4375,1.0,8.0
CSE20260440,1,1,2,CSE,7.12,7.12,0.0,0.0,89.3,0.0,89.32,78.2,54.0376,7.4,6.0,10.0,1.84,3.0,3.0,3.0,16.0,7.0,0.4375,0.0,6.12
CSE20260440,2,2,3,CSE,6.12,6.62,-1.0,-0.5,79.3,-10.0,79.34,63.7,70.5544,6.8,0.0,10.0,13.76,4.0,4.0,4.0,16.0,3.0,0.1875,1.0,8.21
CSE20260442,1,1,2,CSE,8.44,8.44,0.0,0.0,80.8,0.0,80.78,75.4,12.2576,8.6,6.0,10.0,1.84,3.0,3.0,3.0,16.0,7.0,0.4375,0.0,8.88
CSE20260442,2,2,3,CSE,8.88,8.66,0.44,0.22,87.5,6.7,87.52,82.3,29.2176,8.6,6.0,10.0,2.24,3.0,3.0,3.0,16.0,7.0,0.4375,1.0,6.95
CSE20260443,1,1,2,CSE,8.38,8.38,0.0,0.0,81.5,0.0,81.52,76.7,13.9976,8.4,7.0,9.0,0.64,3.0,3.0,3.0,16.0,7.0,0.4375,0.0,7.31
CSE20260443,2,2,3,CSE,7.31,7.84,-1.07,-0.54,92.1,10.6,92.08,85.3,12.1656,7.4,5.0,9.0,1.84,3.0,3.0,3.0,16.0,7.0,0.4375,1.0,6.95
CSE20260463,1,1,2,CSE,7.06,7.06,0.0,0.0,81.6,0.0,81.6,67.1,53.848,6.4,0.0,10.0,11.44,4.0,4.0,3.0,16.0,5.0,0.3125,0.0,5.88
CSE20260463,2,2,3,CSE,5.88,6.47,-1.18,-0.59,78.3,-3.3,78.26,41.5,353.9304,6.4,0.0,9.0,10.64,5.0,4.0,4.0,16.0,3.0,0.1875,1.0,7.79
CSE20260464,1,1,2,CSE,7.81,7.81,0.0,0.0,84.0,0.0,83.98,75.8,47.0176,8.0,5.0,10.0,3.2,3.0,3.0,3.0,16.0,7.0,0.4375,0.0,7.44
CSE20260464,2,2,3,CSE,7.44,7.62,-0.37,-0.19,86.6,2.6,86.64,77.0,54.9824,7.4,5.0,10.0,3.44,3.0,3.0,3.0,16.0,7.0,0.4375,1.0,7.47
CSE20260466,1,1,2,CSE,8.12,8.12,0.0,0.0,83.9,0.0,83.86,75.3,59.3584,8.2,6.0,10.0,1.76,3.0,3.0,3.0,16.0,7.0,0.4375,0.0,8.44
CSE20260466,2,2,3,CSE,8.44,8.28,0.32,0.16,90.1,6.2,90.1,79.3,58.352,8.4,7.0,10.0,1.04,3.0,3.0,3.0,16.0,7.0,0.4375,1.0,8.84
CSE20260471,1,1,2,CSE,5.94,5.94,0.0,0.0,83.2,0.0,83.2,54.7,226.732,6.6,0.0,10.0,13.84,4.0,4.0,3.0,16.0,3.0,0.1875,0.0,6.88
CSE20260471,2,2,3,CSE,6.88,6.41,0.94,0.47,84.2,1.0,84.2,64.9,120.592,7.2,0.0,10.0,14.16,5.0,4.0,4.0,16.0,3.0,0.1875,1.0,7.68
CSE20260482,1,1,2,CSE,8.5,8.5,0.0,0.0,85.7,0.0,85.7,75.9,54.604,8.4,7.0,10.0,1.44,3.0,3.0,3.0,16.0,7.0,0.4375,0.0,7.69
CSE20260482,2,2,3,CSE,7.69,8.09,-0.81,-0.41,90.8,5.1,90.8,83.7,14.128,7.6,5.0,10.0,2.64,3.0,3.0,3.0,16.0,7.0,0.4375,1.0,5.79
CSE20260493,1,1,2,CSE,9.31,9.31,0.0,0.0,86.7,0.0,86.72,80.7,18.7856,9.2,7.0,10.0,1.36,3.0,3.0,3.0,16.0,7.0,0.4375,0.0,7.38
CSE20260493,2,2,3,CSE,7.38,8.34,-1.93,-0.97,86.1,-0.6,86.06,77.5,50.5304,7.4,6.0,10.0,1.84,3.0,3.0,3.0,16.0,7.0,0.4375,1.0,6.53
