scenario_id,family,scenario_name,parameter,severity,mae,rmse,r2,bias,delta_mae,pct_delta_mae,delta_rmse,mean_pred,mean_gt
clean_baseline,Baseline,Clean Development Baseline (Untouched Val Cohort),none,0.0,0.748,1.007,-0.022,0.0934,0.0,0.0,0.0,7.6485,7.555
scenario_a_attendance_drift_5pct,Scenario A: Attendance Drift,Attendance Drift -5%,scale_down,0.05,0.7479,1.0097,-0.0275,0.1188,-0.0001,-0.01,0.0027,7.6738,7.555
scenario_a_attendance_drift_10pct,Scenario A: Attendance Drift,Attendance Drift -10%,scale_down,0.1,0.7511,1.0102,-0.0284,0.1005,0.0031,0.41,0.0032,7.6556,7.555
scenario_a_attendance_drift_15pct,Scenario A: Attendance Drift,Attendance Drift -15%,scale_down,0.15,0.7573,1.0111,-0.0303,0.0442,0.0093,1.24,0.0041,7.5992,7.555
scenario_a_attendance_drift_20pct,Scenario A: Attendance Drift,Attendance Drift -20%,scale_down,0.2,0.7765,1.0192,-0.0468,-0.0435,0.0285,3.81,0.0122,7.5116,7.555
scenario_b_academic_drift_shift_0.5,Scenario B: Academic Drift (Syllabus Shock),Academic Drift -0.5 SGPA,grade_shift,-0.5,0.7473,1.01,-0.028,0.1124,-0.0007,-0.09,0.003,7.6674,7.555
scenario_b_academic_drift_shift_1.0,Scenario B: Academic Drift (Syllabus Shock),Academic Drift -1.0 SGPA,grade_shift,-1.0,0.7495,1.0096,-0.0274,0.0837,0.0015,0.2,0.0026,7.6387,7.555
scenario_b_academic_drift_shift_1.5,Scenario B: Academic Drift (Syllabus Shock),Academic Drift -1.5 SGPA,grade_shift,-1.5,0.766,1.0161,-0.0405,0.0008,0.018,2.41,0.0091,7.5559,7.555
scenario_c_backlog_surge_plus_1,Scenario C: Backlog Surge,Backlog Surge +1,backlog_increment,1.0,0.7422,1.0083,-0.0247,0.1966,-0.0058,-0.78,0.0013,7.7516,7.555
scenario_c_backlog_surge_plus_2,Scenario C: Backlog Surge,Backlog Surge +2,backlog_increment,2.0,0.7391,1.001,-0.0099,0.1714,-0.0089,-1.19,-0.006,7.7265,7.555
scenario_c_backlog_surge_plus_3,Scenario C: Backlog Surge,Backlog Surge +3,backlog_increment,3.0,0.738,1.0046,-0.0172,0.1916,-0.01,-1.34,-0.0024,7.7466,7.555
scenario_d_cohort_shift,Scenario D: Cohort Demographic Shift,Synthesized Cohort Shift,multivariate_shift,1.0,0.765,1.0367,-0.0832,0.0818,0.017,2.27,0.0297,7.6368,7.555
scenario_e_compound_stress,Scenario E: Compound Extreme Stress,"Compound Stress (-15% Att, +2 Backlogs, -0.75 SGPA)",compound,2.0,0.7437,1.0229,-0.0545,0.2457,-0.0043,-0.57,0.0159,7.8008,7.555
