requirement,evidence,implementation,artifact,test,status,caveat
Multi-objective optimization,"NSGA-II evaluates 6 competing objectives simultaneously (val MAE, loss gap, prediction variance, parameters, latency proxy, compute proxy). 16 non-dominated solutions discovered in Pareto front.","src/nsga2/ (sorting, crowding, selection, crossover, mutation)","results/nsga2/pareto_front.csv, models/nsga2/nsga2_selected_model.pt","tests/test_nsga2.py (15/15 PASS), tests/audit_phase2.py (25/25 checks)",PASS,Hypervolume evaluated as 2D diagnostic over f1 and f2.
Generalization,"Disjoint cohort partition: 300 Train, 100 Val, 100 Test students with zero student overlap. Longitudinal temporal ordering strictly enforced.","src/data_pipeline.py, src/features.py","data/processed/train.csv, val.csv, held_out_test_partition","test_phase1.py (TC-01 through TC-15 PASS), tests/test_no_test_contamination.py",PASS,"Academic SGPA bounded strictly to institutional valid range [0.0, 10.0]."
OOD testing,12 controlled synthetic drift scenarios across 5 disruption families generated exclusively from development cohort (val.csv). Final test set 100% isolated.,"src/drift/scenarios.py, src/drift/evaluate_ood.py","results/drift/datasets/*.csv, results/drift/ood_results.csv","tests/test_phase3.py (15/15 PASS), tests/test_no_test_contamination.py",PASS,Drift scenarios are synthetic simulations calibrated to realistic academic stress events.
Non-stationary drift,"System explicitly models covariance and concept drift across attendance shocks (-5% to -20%), academic syllabus shocks (+0.5 to +1.5 SGPA), backlog surges (+1 to +3), and compound stress.",src/drift/scenarios.py,results/drift/scenarios_summary.json,"tests/test_phase3.py, tests/test_no_test_contamination.py",PASS,Drift scenarios generated from validated development distribution parameters.
Drift detection,"Multi-dimensional statistical monitoring combining Kolmogorov-Smirnov, normalized Wasserstein distance, and Population Stability Index (PSI >= 0.15).",src/drift/detector.py,"results/drift/detector_results.csv, results/drift/threshold_provenance.json","tests/test_phase3.py, tests/test_phase4.py",PASS,Thresholds tuned strictly on development reference distribution.
Adaptive reoptimization,"Warm-started NSGA-II initializes Generation 0 from Pareto front genomes, evolving adapted non-dominated architectures under detected drift.",src/adaptation/reoptimizer.py,"results/adaptation/adaptation_history.json, models/adaptation/adapted_model.pt",tests/test_phase4.py (TC-01 through TC-07 PASS),PASS,Adaptation budget bounded to 3 generations for real-time computational responsiveness.
Deterministic convergence,"Strict random seed management across NumPy, PyTorch, and random ensures exact numerical reproducibility of Pareto fronts and splits.",src/utils.py (set_seed),results/phase5/seed_robustness.csv,"tests/test_nsga2.py, tests/test_phase5.py",PASS,Float precision differences across distinct CPU microarchitectures bounded to epsilon < 1e-5.
Parameter efficiency,"NSGA-II selected model reduces baseline parameter footprint from 3,585 to 1,281 parameters (64.27% reduction) while improving neural test MAE by 0.0414.",src/nsga2/nsga2_runner.py,results/nsga2/model_selection.json,"tests/test_nsga2.py, tests/audit_phase2.py",PASS,Naive global mean baseline achieves lower MAE (0.8159) on stationary test data.
Computational efficiency,"Empirical CPU single-sample latency is 0.12 ms; batch throughput reaches 1,045,951 samples/second at batch size 200 with 67 KB peak memory.",src/phase5/runner.py,results/phase5/efficiency_benchmark.csv,tests/test_phase5.py,PASS,"Phase 2 latency objective f5 is a deterministic FLOP proxy, while Phase 5 measures actual CPU clock execution."
Calibration,Split conformal prediction delivers distribution-free valid prediction intervals (87.0% to 99.0% empirical coverage across seeds at alpha=0.10) with zero in-sample overlap.,src/adaptation/calibration.py,results/adaptation/calibration_metrics.json,tests/test_phase4.py (TC-08 & TC-09 PASS),PASS,Exchangeability assumption holds across random splits within the same drift regime.
Explainability,Integrated Gradients with 50-step trapezoidal quadrature strictly satisfies Completeness Axiom (|sum(attr) - delta_pred| < 0.05); identifies backlog_change and attendance as primary drift drivers.,src/adaptation/explainability.py,results/full_audit/explainability_audit.csv,tests/test_phase4.py (TC-10 & TC-11 PASS),PASS,Attributions reflect local linear approximations along straight-line interpolation from baseline.
Robustness,Multi-seed evaluation across 5 seeds demonstrates low coefficient of variation (< 5% on error metrics); stress testing across 12 distinct drift regimes proves system resilience.,src/phase5/runner.py,"results/phase5/seed_robustness.csv, results/phase5/severity_analysis.csv",tests/test_phase5.py,PASS,Severe academic syllabus shocks exhibit expected degradation across all architectures.
Reproducibility,"Centralized run_pipeline.py orchestrator provides end-to-end reproducible execution for Phases 1-4, multi-phase all, and frozen final-test.",run_pipeline.py,results/final/final_test_evaluation.json,"tests/test_phase5.py, tests/test_no_test_contamination.py",PASS,Final test evaluation executed strictly once under frozen models and configurations.
