seed,MAE,RMSE,R2,parameter_count,inference_latency,generalization_gap,conformal_coverage,interval_width,mean_bias
42,0.8238,1.083,-0.0023,1281,0.0753,0.1273,82.0,2.6983,-0.1034
123,0.7713,0.9937,-0.0906,1281,0.0642,0.2276,92.0,3.3924,-0.2939
2024,0.7549,1.0003,0.0274,1281,0.0983,0.0547,88.0,3.2578,-0.0107
7,0.6672,0.8709,-0.0922,1281,0.0835,0.216,94.0,3.1423,-0.2749
99,0.7838,1.0423,-0.0439,1281,0.0824,0.0764,89.0,3.6612,0.2653
mean,0.7602,0.998,-0.0403,1281,0.0807,0.1404,89.0,3.2304,-0.0835
std,0.0579,0.0796,0.0531,0,0.0125,0.0789,4.58,0.3548,0.2282
min,0.6672,0.8709,-0.0922,1281,0.0642,0.0547,82.0,2.6983,-0.2939
max,0.8238,1.083,0.0274,1281,0.0983,0.2276,94.0,3.6612,0.2653
coefficient_of_variation,0.0761,0.0798,1.3161,0.0,0.1544,0.5623,0.0515,0.1098,2.732
95_percent_confidence_interval,"[0.6883, 0.8321]","[0.8992, 1.0969]","[-0.1062, 0.0256]",1281,"[0.0653, 0.0962]","[0.0424, 0.2384]","[83.31, 94.69]","[2.79, 3.6708]","[-0.3668, 0.1998]"
