Requirement,Evidence,Implementation,Test,Status
Multi-Objective Optimization,"NSGA-II evaluates 6 competing objectives (val MAE, loss gap, variance, params, latency proxy, compute proxy). 16 non-dominated solutions discovered.","src/nsga2/ (sorting, crowding, selection, crossover, mutation)","tests/test_nsga2.py (15/15 PASS), tests/audit_phase2.py (25/25 checks)",PASS
Generalization & Cohort Invariants,"Disjoint cohort split: 300 Train, 100 Val, 100 Test students with 0 overlap. Strict temporal ordering.","src/data_pipeline.py, src/features.py",test_phase1.py (TC-01 through TC-15 PASS),PASS
OOD Validation & Stress Testing,"12 controlled synthetic drift scenarios across 5 families (attendance, syllabus shock, backlog surge, cohort shift, compound stress).","src/drift/scenarios.py, src/drift/evaluate_ood.py",tests/test_phase3.py (15/15 PASS),PASS
Non-Stationary Drift Handling,"Multi-statistic detector combining KS 2-sample test, normalized Wasserstein distance, and PSI with dual decision triggers (TRIGGER_ADAPTATION).",src/drift/detector.py,"tests/test_phase3.py (15/15 PASS), drift_detection_audit.csv (TP=11, TN=2, FP=0, FN=0)",PASS
Deterministic Convergence,Two independent runs under seed 42 produce exact bitwise match in population hashes and objectives (max diff = 0.00e+00).,"src/utils.py set_seed(), src/nsga2/population.py canonical hash","tests/audit_phase2.py T10, reproducibility_audit.json",PASS
Parameter Efficiency,"Phase 2 cuts baseline parameters by 64.27% (from 3,585 down to 1,281) while improving test MAE from 0.8773 to 0.8359.","src/model.py MLP [32, 16] tanh",tests/audit_phase2.py T14 & T18,PASS
Computational & Latency Efficiency,Deterministic FLOP proxies ensure noise-free evolutionary sorting; benchmarked single-sample latency <= 0.05 ms.,src/nsga2/objectives.py (compute_deterministic_latency_ms),tests/audit_phase2.py T19 & T20,PASS WITH WARNINGS
Sub-Population Calibration,Continuous affine bias elimination (|Bias| < 0.05) and 90% split conformal prediction with sub-population coverage tracking on high-risk cohorts.,src/adaptation/calibration.py,tests/test_phase4.py (TC-06 to TC-09 PASS),PASS WITH WARNINGS
Model Explainability,Integrated Gradients with trapezoidal quadrature verifying Completeness Axiom (|sum(attr) - delta_pred| < 0.05).,src/adaptation/explainability.py,tests/test_phase4.py (TC-10 & TC-11 PASS),PASS
Architectural Adaptation Loop,Warm-starts NSGA-II from Phase 2 Pareto front; discovers 16 newly adapted non-dominated solutions on drifted distributions.,src/adaptation/reoptimizer.py,tests/test_phase4.py (TC-01 to TC-05 PASS),PASS
