scenario_id,expected_drift,drift_detected,action,drift_score,mean_psi,drifting_features_count,status
clean_baseline,False,False,PROCEED_TO_PREDICT,0.0432,0.0324,0,PASS (CORRECT NO-DRIFT DECISION)
scenario_a_attendance_drift_5pct,False,True,TRIGGER_ADAPTATION,0.5143,0.3032,4,FLAG (TRIGGERED ON MILD DRIFT)
scenario_a_attendance_drift_10pct,True,True,TRIGGER_ADAPTATION,0.5429,1.19,5,PASS (TRUE POSITIVE)
scenario_a_attendance_drift_15pct,True,True,TRIGGER_ADAPTATION,0.5429,1.8965,5,PASS (TRUE POSITIVE)
scenario_a_attendance_drift_20pct,True,True,TRIGGER_ADAPTATION,0.5429,2.3605,5,PASS (TRUE POSITIVE)
scenario_b_academic_drift_shift_0.5,True,True,TRIGGER_ADAPTATION,0.6,0.3585,7,PASS (TRUE POSITIVE)
scenario_b_academic_drift_shift_1.0,True,True,TRIGGER_ADAPTATION,0.6,0.7858,7,PASS (TRUE POSITIVE)
scenario_b_academic_drift_shift_1.5,True,True,TRIGGER_ADAPTATION,0.6,2.2063,7,PASS (TRUE POSITIVE)
scenario_c_backlog_surge_plus_1,True,True,TRIGGER_ADAPTATION,0.5429,3.0372,5,PASS (TRUE POSITIVE)
scenario_c_backlog_surge_plus_2,True,True,TRIGGER_ADAPTATION,0.5429,3.1904,5,PASS (TRUE POSITIVE)
scenario_c_backlog_surge_plus_3,True,True,TRIGGER_ADAPTATION,0.5429,3.1904,5,PASS (TRUE POSITIVE)
scenario_d_cohort_shift,True,True,TRIGGER_ADAPTATION,0.7714,0.7099,13,PASS (TRUE POSITIVE)
scenario_e_compound_stress,True,True,TRIGGER_ADAPTATION,0.8857,5.5803,17,PASS (TRUE POSITIVE)
