scenario_id,family,name,parameter,severity,dataset_filename,file_exists,sample_count,affected_features,status
scenario_a_attendance_drift_5pct,Scenario A: Attendance Drift,Attendance Drift -5%,scale_down,0.05,scenario_a_attendance_drift_5pct.csv,True,200,attendance,VALIDATED
scenario_a_attendance_drift_10pct,Scenario A: Attendance Drift,Attendance Drift -10%,scale_down,0.1,scenario_a_attendance_drift_10pct.csv,True,200,attendance,VALIDATED
scenario_a_attendance_drift_15pct,Scenario A: Attendance Drift,Attendance Drift -15%,scale_down,0.15,scenario_a_attendance_drift_15pct.csv,True,200,attendance,VALIDATED
scenario_a_attendance_drift_20pct,Scenario A: Attendance Drift,Attendance Drift -20%,scale_down,0.2,scenario_a_attendance_drift_20pct.csv,True,200,attendance,VALIDATED
scenario_b_academic_drift_shift_0.5,Scenario B: Academic Drift (Syllabus Shock),Academic Drift -0.5 SGPA,grade_shift,-0.5,scenario_b_academic_drift_shift_0.5.csv,True,200,academic/grades,VALIDATED
scenario_b_academic_drift_shift_1.0,Scenario B: Academic Drift (Syllabus Shock),Academic Drift -1.0 SGPA,grade_shift,-1.0,scenario_b_academic_drift_shift_1.0.csv,True,200,academic/grades,VALIDATED
scenario_b_academic_drift_shift_1.5,Scenario B: Academic Drift (Syllabus Shock),Academic Drift -1.5 SGPA,grade_shift,-1.5,scenario_b_academic_drift_shift_1.5.csv,True,200,academic/grades,VALIDATED
scenario_c_backlog_surge_plus_1,Scenario C: Backlog Surge,Backlog Surge +1,backlog_increment,1.0,scenario_c_backlog_surge_plus_1.csv,True,200,backlogs/credits,VALIDATED
scenario_c_backlog_surge_plus_2,Scenario C: Backlog Surge,Backlog Surge +2,backlog_increment,2.0,scenario_c_backlog_surge_plus_2.csv,True,200,backlogs/credits,VALIDATED
scenario_c_backlog_surge_plus_3,Scenario C: Backlog Surge,Backlog Surge +3,backlog_increment,3.0,scenario_c_backlog_surge_plus_3.csv,True,200,backlogs/credits,VALIDATED
scenario_d_cohort_shift,Scenario D: Cohort Demographic Shift,Synthesized Cohort Shift,multivariate_shift,1.0,scenario_d_cohort_shift.csv,True,200,multivariate,VALIDATED
scenario_e_compound_stress,Scenario E: Compound Extreme Stress,"Compound Stress (-15% Att, +2 Backlogs, -0.75 SGPA)",compound,2.0,scenario_e_compound_stress.csv,True,200,multivariate,VALIDATED
