rank,feature_name,mean_absolute_attribution,sample_0_attribution,completeness_verified
1,backlog_change,2.226753,2.1501,True
2,active_backlogs_count,0.942169,0.837618,True
3,previous_attendance,0.871747,0.577267,True
4,avg_subject_attendance,0.816322,0.542557,True
5,total_sem_credits_earned,0.726495,0.655094,True
6,failed_subjects_count,0.684739,0.656816,True
7,credit_completion_ratio,0.553937,0.483329,True
8,max_subject_grade_point,0.355844,0.957893,True
9,cgpa_change,0.198467,-0.144892,True
10,sgpa_change,0.179365,-0.117782,True
