file,line_number,line_content,classification,audit_concern
evaluate.py,90,"test_csv = os.path.join(processed_dir, ""test.csv"")",SAFE (ISOLATED),Permitted frozen baseline evaluation or documentation
optimize_nsga2.py,233,"test_df = pd.read_csv(os.path.join(processed_dir, ""test.csv""))",SAFE (ISOLATED),Permitted frozen baseline evaluation or documentation
run_pipeline.py,148,"test_csv = os.path.join(WORKSPACE_ROOT, ""data"", ""processed"", ""test.csv"")",SAFE (ISOLATED),Permitted frozen baseline evaluation or documentation
run_pipeline.py,181,"""dataset"": ""data/processed/test.csv"",",SAFE (ISOLATED),Permitted frozen baseline evaluation or documentation
test_phase1.py,227,"test_df_loaded = pd.read_csv(""data/processed/test.csv"")",SAFE (ISOLATED),Permitted frozen baseline evaluation or documentation
train.py,76,"test_csv = os.path.join(processed_dir, ""test.csv"")",SAFE (ISOLATED),Permitted frozen baseline evaluation or documentation
results/final/final_test_evaluation.json,3,"""dataset"": ""data/processed/test.csv"",",SAFE (ISOLATED),Permitted frozen baseline evaluation or documentation
results/full_audit/full_phase1_4_audit.json,21,"""Critical_Findings"": ""12 scenarios generated exclusively from development OOD cohort (val.csv). Mult",SAFE (ISOLATED),Permitted frozen baseline evaluation or documentation
results/full_audit/repository_inventory.json,267,"""file_path"": ""data/processed/test.csv"",",SAFE (ISOLATED),Permitted frozen baseline evaluation or documentation
results/nsga2/phase2_independent_audit.json,75,"""line_content"": ""test_df = pd.read_csv(os.path.join(processed_dir, \""test.csv\""))"",",SAFE (ISOLATED),Permitted frozen baseline evaluation or documentation
tests/audit_full_phase1_4.py,160,"test_df = pd.read_csv(os.path.join(config[""data""][""processed_dir""], ""test.csv""))",SAFE (ISOLATED),Permitted frozen baseline evaluation or documentation
tests/audit_full_phase1_4.py,522,"if ""test.csv"" in line:",SAFE (ISOLATED),Permitted frozen baseline evaluation or documentation
tests/audit_full_phase1_4.py,534,"concern = f""Forbidden test.csv access detected in {rel}""",SAFE (ISOLATED),Permitted frozen baseline evaluation or documentation
tests/audit_full_phase1_4.py,778,"""Critical_Findings"": ""12 scenarios generated exclusively from development OOD cohort (val.csv). Mult",SAFE (ISOLATED),Permitted frozen baseline evaluation or documentation
tests/audit_phase2.py,64,"test_df = pd.read_csv(""data/processed/test.csv"")",SAFE (ISOLATED),Permitted frozen baseline evaluation or documentation
tests/audit_phase2.py,152,"if any(term in line.lower() for term in [""test.csv"", ""test_df"", ""x_test"", ""y_test"", ""test_set""]):",SAFE (ISOLATED),Permitted frozen baseline evaluation or documentation
tests/audit_phase2.py,1013,"md.append(""A static scan of the Phase 2 codebase confirms that `data/processed/test.csv` is never pa",SAFE (ISOLATED),Permitted frozen baseline evaluation or documentation
tests/test_no_test_contamination.py,28,"cls.test_csv = os.path.join(WORKSPACE_ROOT, ""data"", ""processed"", ""test.csv"")",SAFE (ISOLATED),Permitted frozen baseline evaluation or documentation
tests/test_no_test_contamination.py,78,"""""""Verify src/drift and src/adaptation do not hardcode or load test.csv.""""""",SAFE (ISOLATED),Permitted frozen baseline evaluation or documentation
tests/test_no_test_contamination.py,79,"forbidden_tokens = ['""test.csv""', ""'test.csv'"", 'data/processed/test.csv']",SAFE (ISOLATED),Permitted frozen baseline evaluation or documentation
tests/test_no_test_contamination.py,102,"self.assertEqual(violations, [], f""Found forbidden test.csv references:\n"" + ""\n"".join(violations))",SAFE (ISOLATED),Permitted frozen baseline evaluation or documentation
tests/test_no_test_contamination.py,198,"self.assertNotIn(""test.csv"", meta[""source_data""], f""Threshold for {meta.get('metric')} sourced from ",SAFE (ISOLATED),Permitted frozen baseline evaluation or documentation
tests/test_phase3.py,42,"cls.test_csv_path = os.path.join(WORKSPACE_ROOT, ""data"", ""processed"", ""test.csv"")",SAFE (ISOLATED),Permitted frozen baseline evaluation or documentation
tests/test_phase4.py,63,"cls.clean_test_csv = os.path.join(WORKSPACE_ROOT, ""data"", ""processed"", ""test.csv"")",SAFE (ISOLATED),Permitted frozen baseline evaluation or documentation
tests/test_phase4.py,133,"""""""Verify adaptation re-optimization never trains or evaluates on clean_test.csv.""""""",SAFE (ISOLATED),Permitted frozen baseline evaluation or documentation
data/processed/ (Cohort Partitions),0,"Train ∩ Test = 0, Val ∩ Test = 0",SAFE (DISJOINT),Train/Val/Test cohorts share zero students (300/100/100)
results/adaptation/adaptation_split.csv,0,Adaptation ∩ Recovery = 0 students,SAFE (DISJOINT),Strict student-level disjointness between adaptation and recovery
