epoch,train_loss,train_huber_loss,val_loss,learning_rate,gradient_norm,epoch_time_sec
1,7.11128,7.0888,6.08153,0.001,3.21177,0.0551
2,5.53801,5.51543,4.38512,0.001,4.21679,0.0391
3,3.77956,3.75666,2.46506,0.001,5.50112,0.0396
4,1.87444,1.85112,1.17336,0.001,4.14391,0.0379
5,1.44978,1.42622,0.97508,0.001,3.01624,0.036
6,1.25796,1.23449,0.85256,0.001,2.30145,0.0361
7,1.1512,1.12779,0.75345,0.001,2.10113,0.0382
8,1.14186,1.11854,0.70214,0.001,2.46292,0.0339
9,1.10762,1.08438,0.67848,0.001,2.18203,0.0347
10,1.07306,1.04988,0.63811,0.001,2.45007,0.0404
11,1.02981,1.0067,0.62776,0.001,2.01361,0.0362
12,0.98349,0.96043,0.59206,0.001,2.17594,0.0365
13,0.99041,0.96741,0.59868,0.001,1.97055,0.0357
14,0.9666,0.9436,0.59985,0.001,2.51768,0.0356
15,0.99352,0.97061,0.61213,0.001,2.03592,0.0339
16,0.90255,0.87968,0.56288,0.001,2.29109,0.0331
17,0.8974,0.87456,0.55342,0.001,2.44264,0.0363
18,0.87451,0.8517,0.54886,0.001,2.58214,0.0336
19,0.9095,0.88671,0.56369,0.001,2.44239,0.0359
20,0.96974,0.94704,0.5508,0.001,2.2189,0.0359
21,0.93282,0.91015,0.55233,0.001,2.39479,0.037
22,0.86468,0.84206,0.53428,0.001,2.06718,0.0352
23,0.94497,0.92243,0.51624,0.001,2.17642,0.0387
24,0.87858,0.85608,0.51759,0.001,2.63917,0.0413
25,0.88953,0.86707,0.52937,0.001,2.27884,0.0366
26,0.89831,0.87591,0.54391,0.001,1.92298,0.0424
27,0.84315,0.82081,0.53249,0.001,2.27583,0.0355
28,0.87646,0.85417,0.50209,0.001,2.19376,0.0349
29,0.82498,0.80271,0.52947,0.001,2.17563,0.0391
30,0.8703,0.84808,0.50495,0.001,2.26456,0.036
31,0.90131,0.87916,0.4889,0.001,2.38745,0.0377
32,0.83253,0.8104,0.50244,0.001,2.02553,0.0372
33,0.80969,0.78763,0.47982,0.001,2.13101,0.0351
34,0.85197,0.82995,0.50081,0.001,2.20352,0.0376
35,0.82687,0.80491,0.50025,0.001,2.13744,0.0363
36,0.84964,0.82775,0.54993,0.001,2.14545,0.0391
37,0.78538,0.76353,0.48118,0.001,1.94391,0.035
38,0.85489,0.83307,0.47712,0.001,1.9728,0.0383
39,0.86328,0.84153,0.47406,0.001,2.06827,0.0401
40,0.79794,0.77622,0.48426,0.001,2.27571,0.038
41,0.86862,0.84695,0.50791,0.001,2.15865,0.0396
42,0.79865,0.77703,0.49005,0.001,2.05141,0.0333
43,0.79024,0.76864,0.49317,0.001,2.19919,0.0366
44,0.81241,0.79086,0.46061,0.001,2.09757,0.0411
45,0.86477,0.84324,0.45688,0.001,2.22775,0.041
46,0.80677,0.78529,0.49005,0.001,2.13695,0.0383
47,0.78981,0.76837,0.47166,0.001,2.27004,0.0372
48,0.80587,0.78451,0.51572,0.001,2.22167,0.0367
49,0.76845,0.74711,0.46767,0.001,1.80753,0.037
50,0.78506,0.76377,0.47957,0.001,2.07376,0.0373
51,0.82958,0.80833,0.4821,0.001,1.87617,0.0393
52,0.78916,0.76798,0.48187,0.001,2.39484,0.0329
53,0.81862,0.79747,0.47141,0.001,2.02873,0.0369
54,0.76255,0.74145,0.46253,0.001,2.0823,0.0374
55,0.74929,0.72828,0.47087,0.001,1.94663,0.0363
56,0.71489,0.69391,0.50165,0.001,1.91764,0.0384
57,0.74116,0.72025,0.47843,0.001,2.10713,0.0356
58,0.72251,0.70161,0.51149,0.001,2.001,0.0363
59,0.82386,0.80303,0.50127,0.001,2.09757,0.0351
60,0.79701,0.7762,0.46511,0.001,2.28726,0.0349
61,0.75011,0.72936,0.46239,0.001,1.83731,0.0373
62,0.74854,0.72783,0.44899,0.001,2.2145,0.0367
63,0.77945,0.75878,0.45851,0.001,2.2986,0.0379
64,0.75287,0.73224,0.45509,0.001,2.18056,0.0367
65,0.76852,0.74794,0.4584,0.001,1.88847,0.0387
66,0.7443,0.72375,0.46127,0.001,2.0282,0.0379
67,0.73943,0.71892,0.46629,0.001,2.19668,0.038
68,0.7747,0.75421,0.4652,0.001,2.15076,0.0359
69,0.77608,0.75565,0.47632,0.001,2.0181,0.034
70,0.73577,0.7154,0.47027,0.001,1.89277,0.0345
71,0.73892,0.7186,0.45037,0.001,2.09297,0.0365
72,0.736,0.71572,0.46585,0.001,1.86768,0.0385
73,0.72621,0.706,0.50501,0.001,2.15268,0.0365
74,0.76801,0.74783,0.48313,0.001,1.87411,0.0344
75,0.7728,0.75266,0.44919,0.001,2.07039,0.0362
76,0.7282,0.70808,0.46284,0.001,2.06405,0.0349
77,0.72764,0.70759,0.4489,0.001,1.89603,0.034
78,0.72455,0.70449,0.44533,0.001,2.07179,0.0353
79,0.73054,0.71053,0.45986,0.001,1.94567,0.0358
80,0.74268,0.72274,0.45694,0.001,1.88654,0.0356
81,0.72446,0.70456,0.45555,0.001,1.91535,0.0387
82,0.77485,0.75497,0.46919,0.001,2.01657,0.0399
83,0.72825,0.70844,0.4707,0.001,1.94906,0.0345
84,0.75564,0.73588,0.46412,0.001,1.92115,0.0371
85,0.71615,0.69644,0.47706,0.001,1.862,0.0376
86,0.77027,0.75063,0.465,0.001,2.18611,0.0327
87,0.70708,0.68743,0.46438,0.001,2.16701,0.0354
88,0.75036,0.73078,0.46214,0.001,1.878,0.0345
89,0.73757,0.71803,0.45531,0.001,1.74899,0.0359
90,0.72919,0.70971,0.44648,0.001,1.84509,0.0334
91,0.72389,0.70443,0.45673,0.001,2.13496,0.0345
92,0.75735,0.73796,0.46339,0.001,1.88769,0.0363
93,0.71679,0.69739,0.44667,0.001,1.90822,0.0346
94,0.67747,0.65812,0.4606,0.001,1.89255,0.035
95,0.68908,0.66968,0.46382,0.001,2.18792,0.0503
96,0.69168,0.6723,0.46112,0.001,2.15311,0.0427
97,0.69527,0.6759,0.48192,0.001,1.73865,0.0373
98,0.68246,0.66312,0.49376,0.001,2.07709,0.0379
99,0.68236,0.66304,0.45029,0.001,1.72706,0.0541
100,0.68793,0.66865,0.46142,0.001,2.0626,0.0392
101,0.69697,0.67778,0.4487,0.001,1.91531,0.0441
102,0.72861,0.70947,0.4549,0.001,2.03649,0.0369
103,0.65483,0.63571,0.45164,0.001,2.06885,0.034
