generation,population_size,pareto_front_size,best_mae,mean_mae,best_generalization_gap,min_parameter_count,min_latency_ms,hypervolume_f1_f2,generation_time_sec
0,16,11,0.7432,1.0273,0.0484,769,0.0192,1.46415,31.452
1,16,16,0.7432,1.0096,0.0484,769,0.0192,1.46727,23.164
2,16,16,0.7432,1.5614,0.0484,769,0.0192,1.46843,26.024
3,16,16,0.743,1.8219,0.0207,769,0.0192,1.49498,26.603
4,16,16,0.743,1.8571,0.0062,769,0.0192,1.50857,17.458
5,16,13,0.743,1.2266,0.0062,769,0.0192,1.50857,23.885
6,16,16,0.743,0.7587,0.0062,769,0.0192,1.50857,30.101
7,16,16,0.743,0.7575,0.0062,769,0.0192,1.50857,20.968
8,16,16,0.7395,0.7543,0.0031,769,0.0192,1.51834,30.695
9,16,16,0.7395,0.7553,0.0031,769,0.0192,1.51834,27.907
10,16,16,0.7315,0.7577,0.0031,769,0.0192,1.53335,36.408
