individual_id,generation,hidden_dims,dropout_rate,activation,learning_rate,is_valid
gen0_phase1_baseline,0,"[64, 32]",0.2,relu,0.001,True
gen0_ind001,0,[32],0.2194,tanh,0.005214,True
gen0_ind002,0,"[128, 64]",0.0641,tanh,0.000552,True
gen0_ind003,0,"[32, 16]",0.2773,relu,0.000134,True
gen0_ind004,0,"[128, 64, 32]",0.4466,tanh,0.000245,True
gen0_ind005,0,"[128, 64, 32]",0.4838,tanh,0.000448,True
gen0_ind006,0,"[32, 16]",0.1135,gelu,0.000749,True
gen0_ind007,0,"[32, 16]",0.1937,tanh,0.000377,True
gen0_ind008,0,"[128, 64]",0.3324,gelu,0.003643,True
gen0_ind009,0,"[32, 16]",0.2355,tanh,0.00135,True
gen0_ind010,0,[128],0.0154,gelu,0.000269,True
gen0_ind011,0,"[128, 64]",0.1468,relu,0.002108,True
gen0_ind012,0,"[128, 64]",0.0835,gelu,0.000151,True
gen0_ind013,0,"[128, 64, 32]",0.3482,relu,0.00078,True
gen0_ind014,0,[32],0.059,gelu,0.006564,True
gen0_ind015,0,[64],0.2247,tanh,0.00035,True
gen0_ind003,1,"[32, 16]",0.2773,relu,0.000134,True
gen1_ind014,1,[32],0.231,tanh,0.009027,True
gen0_ind001,1,[32],0.2194,tanh,0.005214,True
gen0_ind014,1,[32],0.059,gelu,0.006564,True
gen1_ind003,1,"[32, 16]",0.2038,tanh,0.000923,True
gen1_ind008,1,"[32, 16]",0.2194,tanh,0.005214,True
gen1_ind011,1,"[32, 16]",0.2225,gelu,0.000996,True
gen0_ind007,1,"[32, 16]",0.1937,tanh,0.000377,True
gen0_phase1_baseline,1,"[64, 32]",0.2,relu,0.001,True
gen1_ind002,1,"[64, 32]",0.1286,tanh,0.000409,True
gen0_ind008,1,"[128, 64]",0.3324,gelu,0.003643,True
gen0_ind011,1,"[128, 64]",0.1468,relu,0.002108,True
gen1_ind005,1,"[128, 64]",0.1548,relu,0.001157,True
gen1_ind004,1,"[128, 64]",0.1857,tanh,0.000687,True
gen0_ind005,1,"[128, 64, 32]",0.4838,tanh,0.000448,True
gen0_ind004,1,"[128, 64, 32]",0.4466,tanh,0.000245,True
gen2_ind000,2,[32],0.234,tanh,0.007147,True
gen2_ind009,2,"[32, 16]",0.3016,tanh,0.000107,True
gen2_ind011,2,[32],0.2623,tanh,0.01,True
gen0_ind014,2,[32],0.059,gelu,0.006564,True
gen1_ind003,2,"[32, 16]",0.2038,tanh,0.000923,True
gen0_ind005,2,"[128, 64, 32]",0.4838,tanh,0.000448,True
gen0_ind004,2,"[128, 64, 32]",0.4466,tanh,0.000245,True
gen1_ind002,2,"[64, 32]",0.1286,tanh,0.000409,True
gen2_ind001,2,"[128, 64]",0.1827,tanh,0.001456,True
gen2_ind012,2,"[32, 16]",0.2773,relu,0.000134,True
gen0_ind001,2,[32],0.2194,tanh,0.005214,True
gen2_ind014,2,"[128, 64, 32]",0.2991,relu,0.006458,True
gen1_ind004,2,"[128, 64]",0.1857,tanh,0.000687,True
gen0_ind003,2,"[32, 16]",0.2773,relu,0.000134,True
gen0_ind007,2,"[32, 16]",0.1937,tanh,0.000377,True
gen2_ind005,2,"[32, 16]",0.2026,tanh,0.000945,True
gen2_ind000,3,[32],0.234,tanh,0.007147,True
gen2_ind009,3,"[32, 16]",0.3016,tanh,0.000107,True
gen0_ind003,3,"[32, 16]",0.2773,relu,0.000134,True
gen2_ind011,3,[32],0.2623,tanh,0.01,True
gen0_ind001,3,[32],0.2194,tanh,0.005214,True
gen3_ind005,3,"[128, 64, 32]",0.3028,relu,0.006941,True
gen3_ind008,3,"[128, 64, 32]",0.0,tanh,0.005002,True
gen1_ind002,3,"[64, 32]",0.1286,tanh,0.000409,True
gen2_ind001,3,"[128, 64]",0.1827,tanh,0.001456,True
gen2_ind012,3,"[32, 16]",0.2773,relu,0.000134,True
gen2_ind005,3,"[32, 16]",0.2026,tanh,0.000945,True
gen1_ind004,3,"[128, 64]",0.1857,tanh,0.000687,True
gen3_ind003,3,"[32, 16]",0.2919,tanh,0.000115,True
gen3_ind000,3,"[32, 16]",0.2013,tanh,0.001087,True
gen3_ind013,3,"[64, 32]",0.5,tanh,0.000461,True
gen3_ind002,3,"[64, 32]",0.272,tanh,0.009324,True
gen4_ind009,4,"[32, 16]",0.3028,relu,0.0001,True
gen4_ind011,4,"[32, 16]",0.2871,tanh,0.0001,True
gen4_ind008,4,"[32, 16]",0.2761,tanh,0.000149,True
gen2_ind011,4,[32],0.2623,tanh,0.01,True
gen0_ind001,4,[32],0.2194,tanh,0.005214,True
gen4_ind007,4,"[128, 64, 32]",0.2706,tanh,0.007899,True
gen3_ind005,4,"[128, 64, 32]",0.3028,relu,0.006941,True
gen4_ind006,4,"[128, 64, 32]",0.0322,relu,0.004396,True
gen3_ind013,4,"[64, 32]",0.5,tanh,0.000461,True
gen3_ind000,4,"[32, 16]",0.2013,tanh,0.001087,True
gen4_ind015,4,"[128, 64, 32]",0.2358,tanh,0.006967,True
gen2_ind005,4,"[32, 16]",0.2026,tanh,0.000945,True
gen2_ind009,4,"[32, 16]",0.3016,tanh,0.000107,True
gen4_ind005,4,"[64, 32]",0.0,tanh,0.009722,True
gen3_ind002,4,"[64, 32]",0.272,tanh,0.009324,True
gen4_ind014,4,[32],0.0,tanh,0.005131,True
gen5_ind000,5,[32],0.3279,relu,0.008441,True
gen2_ind011,5,[32],0.2623,tanh,0.01,True
gen5_ind002,5,[32],0.2103,tanh,0.003885,True
gen0_ind001,5,[32],0.2194,tanh,0.005214,True
gen2_ind005,5,"[32, 16]",0.2026,tanh,0.000945,True
gen3_ind013,5,"[64, 32]",0.5,tanh,0.000461,True
gen3_ind002,5,"[64, 32]",0.272,tanh,0.009324,True
gen4_ind005,5,"[64, 32]",0.0,tanh,0.009722,True
gen4_ind015,5,"[128, 64, 32]",0.2358,tanh,0.006967,True
gen4_ind007,5,"[128, 64, 32]",0.2706,tanh,0.007899,True
gen5_ind014,5,"[128, 64, 32]",0.271,gelu,0.01,True
gen3_ind005,5,"[128, 64, 32]",0.3028,relu,0.006941,True
gen4_ind006,5,"[128, 64, 32]",0.0322,relu,0.004396,True
gen5_ind006,5,"[32, 16]",0.32,tanh,0.0001,True
gen5_ind015,5,"[32, 16]",0.2867,tanh,0.0001,True
gen5_ind003,5,[32],0.2714,gelu,0.01,True
gen5_ind000,6,[32],0.3279,relu,0.008441,True
gen6_ind009,6,[32],0.2044,tanh,0.000943,True
gen6_ind005,6,[32],0.2674,tanh,0.01,True
gen3_ind013,6,"[64, 32]",0.5,tanh,0.000461,True
gen4_ind007,6,"[128, 64, 32]",0.2706,tanh,0.007899,True
gen3_ind005,6,"[128, 64, 32]",0.3028,relu,0.006941,True
gen4_ind006,6,"[128, 64, 32]",0.0322,relu,0.004396,True
gen2_ind005,6,"[32, 16]",0.2026,tanh,0.000945,True
gen4_ind015,6,"[128, 64, 32]",0.2358,tanh,0.006967,True
gen3_ind002,6,"[64, 32]",0.272,tanh,0.009324,True
gen4_ind005,6,"[64, 32]",0.0,tanh,0.009722,True
gen6_ind000,6,[32],0.2272,tanh,0.005208,True
gen6_ind008,6,"[32, 16]",0.2176,tanh,0.005223,True
gen5_ind002,6,[32],0.2103,tanh,0.003885,True
gen0_ind001,6,[32],0.2194,tanh,0.005214,True
gen6_ind014,6,"[128, 64, 32]",0.0,tanh,0.0038,True
gen5_ind000,7,[32],0.3279,relu,0.008441,True
gen6_ind000,7,[32],0.2272,tanh,0.005208,True
gen6_ind005,7,[32],0.2674,tanh,0.01,True
gen7_ind002,7,"[64, 32]",0.5,tanh,0.000461,True
gen4_ind007,7,"[128, 64, 32]",0.2706,tanh,0.007899,True
gen3_ind005,7,"[128, 64, 32]",0.3028,relu,0.006941,True
gen4_ind006,7,"[128, 64, 32]",0.0322,relu,0.004396,True
gen4_ind005,7,"[64, 32]",0.0,tanh,0.009722,True
gen7_ind003,7,"[32, 16]",0.2026,tanh,0.000945,True
gen7_ind006,7,[32],0.2028,tanh,0.000944,True
gen4_ind015,7,"[128, 64, 32]",0.2358,tanh,0.006967,True
gen7_ind001,7,"[64, 32]",0.3494,tanh,0.004916,True
gen5_ind002,7,[32],0.2103,tanh,0.003885,True
gen3_ind013,7,"[64, 32]",0.5,tanh,0.000461,True
gen0_ind001,7,[32],0.2194,tanh,0.005214,True
gen6_ind008,7,"[32, 16]",0.2176,tanh,0.005223,True
gen5_ind000,8,[32],0.3279,relu,0.008441,True
gen6_ind000,8,[32],0.2272,tanh,0.005208,True
gen6_ind005,8,[32],0.2674,tanh,0.01,True
gen3_ind013,8,"[64, 32]",0.5,tanh,0.000461,True
gen8_ind013,8,"[128, 64, 32]",0.2752,relu,0.01,True
gen4_ind007,8,"[128, 64, 32]",0.2706,tanh,0.007899,True
gen8_ind006,8,"[128, 64, 32]",0.0338,relu,0.003612,True
gen7_ind003,8,"[32, 16]",0.2026,tanh,0.000945,True
gen4_ind005,8,"[64, 32]",0.0,tanh,0.009722,True
gen4_ind015,8,"[128, 64, 32]",0.2358,tanh,0.006967,True
gen7_ind006,8,[32],0.2028,tanh,0.000944,True
gen5_ind002,8,[32],0.2103,tanh,0.003885,True
gen7_ind001,8,"[64, 32]",0.3494,tanh,0.004916,True
gen8_ind015,8,[32],0.2549,tanh,0.007397,True
gen7_ind002,8,"[64, 32]",0.5,tanh,0.000461,True
gen6_ind008,8,"[32, 16]",0.2176,tanh,0.005223,True
gen9_ind008,9,[32],0.3065,tanh,0.008436,True
gen9_ind003,9,[32],0.2674,tanh,0.01,True
gen6_ind005,9,[32],0.2674,tanh,0.01,True
gen9_ind000,9,"[32, 16]",0.186,tanh,0.000454,True
gen7_ind003,9,"[32, 16]",0.2026,tanh,0.000945,True
gen8_ind013,9,"[128, 64, 32]",0.2752,relu,0.01,True
gen9_ind014,9,"[128, 64, 32]",0.2712,tanh,0.007707,True
gen8_ind006,9,"[128, 64, 32]",0.0338,relu,0.003612,True
gen7_ind001,9,"[64, 32]",0.3494,tanh,0.004916,True
gen4_ind005,9,"[64, 32]",0.0,tanh,0.009722,True
gen7_ind006,9,[32],0.2028,tanh,0.000944,True
gen5_ind002,9,[32],0.2103,tanh,0.003885,True
gen6_ind000,9,[32],0.2272,tanh,0.005208,True
gen9_ind012,9,"[64, 32]",0.2649,tanh,0.007694,True
gen6_ind008,9,"[32, 16]",0.2176,tanh,0.005223,True
gen5_ind000,9,[32],0.3279,relu,0.008441,True
gen9_ind008,10,[32],0.3065,tanh,0.008436,True
gen6_ind000,10,[32],0.2272,tanh,0.005208,True
gen9_ind003,10,[32],0.2674,tanh,0.01,True
gen6_ind008,10,"[32, 16]",0.2176,tanh,0.005223,True
gen10_ind015,10,"[64, 32]",0.0,gelu,0.009826,True
gen10_ind011,10,"[128, 64, 32]",0.2752,gelu,0.01,True
gen9_ind014,10,"[128, 64, 32]",0.2712,tanh,0.007707,True
gen8_ind006,10,"[128, 64, 32]",0.0338,relu,0.003612,True
gen10_ind000,10,"[128, 64]",0.0,tanh,0.01,True
gen5_ind002,10,[32],0.2103,tanh,0.003885,True
gen7_ind006,10,[32],0.2028,tanh,0.000944,True
gen8_ind013,10,"[128, 64, 32]",0.2752,relu,0.01,True
gen4_ind005,10,"[64, 32]",0.0,tanh,0.009722,True
gen10_ind009,10,"[32, 16]",0.0044,tanh,0.004934,True
gen6_ind005,10,[32],0.2674,tanh,0.01,True
gen10_ind010,10,[32],0.2674,tanh,0.01,True
