individual_id,objective,stored_value,recalculated_value,absolute_difference,relative_difference,status
gen10_ind011,validation_mae,0.7315,0.7315,0.0,0.0,PASS
gen10_ind011,generalization_gap,0.1246806249505112,0.12468062495051124,0.0,0.0,PASS
gen10_ind011,val_loss_variance,0.0138682159635927,0.013868215963592783,0.0,0.0,PASS
gen10_ind011,trainable_parameters,13313.0,13313.0,0.0,0.0,PASS
gen10_ind011,inference_latency_ms,0.3328,0.3328,0.0,0.0,PASS
gen10_ind011,training_time_seconds,93.111,93.111,0.0,0.0,PASS
gen9_ind008,validation_mae,0.7643,0.7643,0.0,0.0,PASS
gen9_ind008,generalization_gap,0.1449321465574294,0.14493214655742948,0.0,0.0,PASS
gen9_ind008,val_loss_variance,0.0375720633577354,0.03757206335773544,0.0,0.0,PASS
gen9_ind008,trainable_parameters,769.0,769.0,0.0,0.0,PASS
gen9_ind008,inference_latency_ms,0.0192,0.0192,0.0,0.0,PASS
gen9_ind008,training_time_seconds,4.585,4.585,0.0,0.0,PASS
gen10_ind009,validation_mae,0.7494,0.7494,0.0,0.0,PASS
gen10_ind009,generalization_gap,0.009711273286024,0.009711273286024058,0.0,0.0,PASS
gen10_ind009,val_loss_variance,0.0791197738990779,0.07911977389907797,0.0,0.0,PASS
gen10_ind009,trainable_parameters,1281.0,1281.0,0.0,0.0,PASS
gen10_ind009,inference_latency_ms,0.032,0.032,0.0,0.0,PASS
gen10_ind009,training_time_seconds,11.195,11.195,0.0,0.0,PASS
gen6_ind008,validation_mae,0.753,0.753,0.0,0.0,PASS
gen6_ind008,generalization_gap,0.381373088128171,0.38137308812817106,0.0,0.0,PASS
gen6_ind008,val_loss_variance,0.0003131594675304,0.00031315946753043356,0.0,0.0,PASS
gen6_ind008,trainable_parameters,1281.0,1281.0,0.0,0.0,PASS
gen6_ind008,inference_latency_ms,0.032,0.032,0.0,0.0,PASS
gen6_ind008,training_time_seconds,10.932,10.932,0.0,0.0,PASS
gen7_ind006,validation_mae,0.7623,0.7623,0.0,0.0,PASS
gen7_ind006,generalization_gap,0.2440862468621026,0.24408624686210262,0.0,0.0,PASS
gen7_ind006,val_loss_variance,4.234514873800893,4.234514873800893,0.0,0.0,PASS
gen7_ind006,trainable_parameters,769.0,769.0,0.0,0.0,PASS
gen7_ind006,inference_latency_ms,0.0192,0.0192,0.0,0.0,PASS
gen7_ind006,training_time_seconds,4.664,4.664,0.0,0.0,PASS
gen10_ind015,validation_mae,0.8236,0.8236,0.0,0.0,PASS
gen10_ind015,generalization_gap,0.0636375508448373,0.06363755084483735,0.0,0.0,PASS
gen10_ind015,val_loss_variance,0.0300781515849154,0.030078151584915464,0.0,0.0,PASS
gen10_ind015,trainable_parameters,3585.0,3585.0,0.0,0.0,PASS
gen10_ind015,inference_latency_ms,0.0896,0.0896,0.0,0.0,PASS
gen10_ind015,training_time_seconds,29.864,29.864,0.0,0.0,PASS
gen4_ind005,validation_mae,0.7464,0.7464,0.0,0.0,PASS
gen4_ind005,generalization_gap,0.0105801789384138,0.010580178938413898,0.0,0.0,PASS
gen4_ind005,val_loss_variance,0.0148342668369444,0.01483426683694441,0.0,0.0,PASS
gen4_ind005,trainable_parameters,3585.0,3585.0,0.0,0.0,PASS
gen4_ind005,inference_latency_ms,0.0896,0.0896,0.0,0.0,PASS
gen4_ind005,training_time_seconds,32.076,32.076,0.0,0.0,PASS
