individual_id,generation,rank,crowding_distance,validation_mae,validation_rmse,generalization_gap,validation_loss_variance,trainable_parameters,inference_latency_ms,training_time_seconds,hidden_dims,dropout_rate,activation,learning_rate,weight_decay,l1_lambda,huber_delta,batch_size,gradient_clip_norm,epochs
gen9_ind008,9,0,inf,0.7643,1.0106,0.14493214655742948,0.03757206335773544,769,0.0192,4.585,[32],0.3065,tanh,0.008436,0.0002697,0.0001499,1.973,16,0.5,58
gen7_ind006,7,0,0.9205601706083806,0.7623,1.0133,0.24408624686210262,4.234514873800893,769,0.0192,4.664,[32],0.2028,tanh,0.000944,9.52e-05,5.15e-05,1.347,16,0.5,59
gen6_ind000,6,0,inf,0.7582,1.0031,0.35019017159938814,5.8038030227717705,769,0.0192,5.849,[32],0.2272,tanh,0.005208,0.000688,8.91e-05,2.0,64,2.0,74
gen9_ind003,9,0,inf,0.7594,0.9958,0.14644652547744608,0.0041931349650364165,769,0.0192,5.928,[32],0.2674,tanh,0.01,0.0003769,4.62e-05,2.0,16,0.5,75
gen6_ind005,6,0,0.6703497734531071,0.7741,1.0217,0.06609873585252146,0.005141930809360554,769,0.0192,5.928,[32],0.2674,tanh,0.01,0.0002697,4.62e-05,2.0,16,0.5,75
gen5_ind002,5,0,1.0038667478929595,0.7537,1.0154,0.23602070523659713,2.4232050224583106,769,0.0192,6.561,[32],0.2103,tanh,0.003885,0.0003181,9.7e-05,1.973,16,2.0,83
gen10_ind010,10,0,0.5479618557894266,0.7452,1.0026,0.07205069686478449,0.14681425628200073,769,0.0192,6.798,[32],0.2674,tanh,0.01,0.0003769,4.62e-05,2.0,16,0.5,86
gen6_ind008,6,0,inf,0.753,0.9968,0.38137308812817106,0.00031315946753043356,1281,0.032,10.932,"[32, 16]",0.2176,tanh,0.005223,0.0006178,9.55e-05,1.945,16,2.0,83
gen10_ind009,10,0,0.6470405802199315,0.7494,1.0221,0.009711273286024058,0.07911977389907797,1281,0.032,11.195,"[32, 16]",0.0044,tanh,0.004934,0.0006031,0.0002576,1.993,16,0.5,85
gen10_ind015,10,0,inf,0.8236,1.0512,0.06363755084483735,0.030078151584915464,3585,0.0896,29.864,"[64, 32]",0.0,gelu,0.009826,4.54e-05,0.000232,1.769,16,0.5,81
gen4_ind005,4,0,1.0478270792623956,0.7464,1.0096,0.010580178938413898,0.01483426683694441,3585,0.0896,32.076,"[64, 32]",0.0,tanh,0.009722,0.0006972,0.0002188,1.691,32,0.5,87
gen8_ind013,8,0,0.8329343348768705,0.7395,1.0048,0.03482713474918475,0.011389183041693536,13313,0.3328,93.111,"[128, 64, 32]",0.2752,relu,0.01,0.0002248,1.4e-06,0.593,16,0.5,68
gen10_ind011,10,0,inf,0.7315,0.9938,0.12468062495051124,0.013868215963592783,13313,0.3328,93.111,"[128, 64, 32]",0.2752,gelu,0.01,0.0002248,0.0,0.593,16,0.5,68
gen9_ind014,9,0,inf,0.7449,1.02,0.09964790804545404,0.0001603044306636754,13313,0.3328,99.958,"[128, 64, 32]",0.2712,tanh,0.007707,0.0002171,0.0,0.7,16,0.5,73
gen10_ind000,10,0,1.7540171147407626,0.7561,0.998,0.06464227509160758,0.003012158508575556,11265,0.2816,100.801,"[128, 64]",0.0,tanh,0.01,0.0009818,0.0001851,1.892,16,0.5,87
gen8_ind006,8,0,inf,0.762,1.0214,0.0030603355422675893,0.012583518228441662,13313,0.3328,116.389,"[128, 64, 32]",0.0338,relu,0.003612,0.0007935,0.0002609,2.0,16,0.5,85
